Time,Temp,Hum,Wind,Pres,Prec,Previous Temp,Previous Hum,Previous Wind,Previous PM2.5,Previous PM10,Previous SO2,Previous CO,Previous NO2,Previous O3_8h,Previous AQI Level,AQI Level,Previous AQI,AQI
1,88,51.5,6.5,29.56,0.00,85,56.5,6.5,23,56,4,0.6,30,186,4,4,200,198
2,84,59,6.5,29.6,0.00,88,51.5,6.5,88,133,4,1,42,263,4,4,198,189
3,82,68.5,4.5,29.64,0.00,84,59,6.5,90,121,7,1.1,33,254,4,3,189,122
4,78,78,5.5,29.73,0.87,82,68.5,4.5,61,79,3,0.9,30,185,3,2,122,96
5,82,72.5,6.5,29.74,0.00,78,78,5.5,47,64,3,0.9,39,156,2,3,96,134
6,76,84.5,11,29.645,0.87,82,72.5,6.5,82,95,3,1.1,38,198,3,2,134,96
7,80,68.5,13.5,29.475,0.12,76,84.5,11,72,105,4,1.5,33,93,2,3,96,113
8,78,76,5.5,29.475,0.00,80,68.5,13.5,32,50,2,0.8,20,175,3,4,113,161
9,88,58,12,29.445,0.00,78,76,5.5,39,60,2,0.7,30,226,4,4,161,169
10,86,53,9,29.465,0.00,88,58,12,75,100,3,1.1,29,234,4,3,169,136
11,82,64.5,3.5,29.535,0.00,86,53,9,24,54,2,0.6,33,200,3,5,136,208
12,86,71,6.5,29.575,0.00,82,64.5,3.5,46,93,4,0.9,44,311,5,4,208,191
13,87,66,18,29.515,0.00,86,71,6.5,73,133,4,1,40,256,4,3,191,131
14,83,67.5,9,29.575,0.02,87,66,18,64,92,4,0.8,24,195,3,3,131,127
15,82,73,6.5,29.715,0.02,83,67.5,9,34,68,3,0.7,35,190,3,2,127,97
16,85,71,5.5,29.76,0.00,82,73,6.5,35,50,2,1,26,157,2,4,97,175
17,84,70,4.5,29.77,0.00,85,71,5.5,68,89,3,1.2,35,240,4,3,175,120
18,84,73,10,29.695,0.01,84,70,4.5,53,70,3,1.1,28,182,3,2,120,88
19,84,74,4.5,29.57,0.00,84,73,10,61,85,3,0.9,27,146,2,3,88,110
20,86,79.5,3.5,29.53,0.43,84,74,4.5,74,86,2,0.8,25,171,3,3,110,127
21,76,87.5,7.5,29.715,0.12,86,79.5,3.5,97,118,2,0.8,31,174,3,2,127,53
22,76,69.5,4.5,29.81,0.00,76,87.5,7.5,22,29,2,0.7,26,104,2,1,53,38
23,78,77,3,29.71,0.00,76,69.5,4.5,23,37,2,0.7,31,77,1,2,38,60
24,80,77.5,3.5,29.695,0.00,78,77,3,43,61,2,0.8,38,106,2,2,60,57
25,80,70,5.5,29.78,0.00,80,77.5,3.5,41,57,2,0.8,40,43,2,2,57,80
26,72,77.5,6.5,29.74,0.04,80,70,5.5,33,53,4,0.9,33,137,2,1,80,43
27,77,72,5.5,29.755,0.00,72,77.5,6.5,22,39,2,0.7,31,86,1,2,43,64
28,80,66,4.5,29.875,0.00,77,72,5.5,40,66,3,1,47,117,2,2,64,70
29,77,72.5,6.5,29.785,0.00,80,66,4.5,28,58,2,0.8,44,125,2,2,70,91
30,76,70.5,5.5,29.665,0.00,77,72.5,6.5,32,61,2,0.7,39,150,2,3,91,129
31,79,71,4.5,29.715,0.00,76,70.5,5.5,38,67,3,0.7,35,192,3,4,129,200
32,84,71.5,5.5,29.725,0.00,79,71,4.5,79,105,2,1,37,265,4,2,200,90
33,82,79,5.5,29.605,2.60,84,71.5,5.5,67,85,2,1,30,144,2,2,90,51
34,86,67.5,6.5,29.43,0.00,82,79,5.5,34,52,4,1.1,26,90,2,2,51,90
35,88,61.5,10,29.53,0.00,86,67.5,6.5,21,48,2,0.7,19,149,2,3,90,112
36,83,66.5,8,29.585,0.20,88,61.5,10,22,44,3,0.6,37,174,3,3,112,136
37,84,59,6.5,29.52,0.00,83,66.5,8,28,60,3,0.7,35,200,3,2,136,78
38,84,54,6.5,29.53,0.00,84,59,6.5,17,34,2,0.5,30,134,2,2,78,88
39,82,66,14.5,29.47,0.04,84,54,6.5,10,33,2,0.5,30,146,2,4,88,162
40,78,75,3.5,29.455,0.00,82,66,14.5,30,70,3,0.7,40,227,4,3,162,101
41,80,77,5.5,29.515,0.00,78,75,3.5,22,36,2,0.6,26,162,3,3,101,125
42,79,69.5,9,29.635,0.16,80,77,5.5,64,86,2,0.8,33,188,3,3,125,119
43,72,90.5,7.5,29.755,1.85,79,69.5,9,91,117,2,1.2,39,139,3,1,119,46
44,79,80,9,29.77,0.20,72,90.5,7.5,31,39,2,0.8,37,79,1,2,46,57
45,79,72.5,6.5,29.75,0.02,79,80,9,41,52,2,0.9,36,99,2,2,57,93
46,80,75.5,6.5,29.7,0.00,79,72.5,6.5,28,41,2,0.8,26,152,2,3,93,106
47,79,73,10,29.695,0.20,80,75.5,6.5,54,76,4,1,32,167,3,2,106,85
48,78,72,4.5,29.755,0.00,79,73,10,56,73,2,0.9,37,142,2,2,85,92
49,78,79.5,11,29.825,0.47,78,72,4.5,22,37,2,0.7,28,151,2,2,92,72
50,78,78.5,4.5,29.83,0.08,78,79.5,11,53,74,3,1.2,54,123,2,2,72,70
51,78,76,2,29.755,0.00,78,78.5,4.5,41,55,2,1,32,124,2,2,70,99
52,84,76.5,5.5,29.665,0.00,78,76,2,60,73,3,1.2,37,159,2,3,99,133
53,80,81.5,7.5,29.755,0.24,84,76.5,5.5,71,95,2,1.1,39,197,3,2,133,98
54,83,64.5,9,29.695,1.18,80,81.5,7.5,74,105,2,1,35,97,2,2,98,57
55,78,55,12,29.8,0.00,83,64.5,9,20,28,2,0.7,27,109,2,1,57,47
56,74,49,6.5,29.875,0.00,78,55,12,14,37,2,0.6,38,82,1,1,47,47
57,70,64,4.5,29.965,0.00,74,49,6.5,9,36,3,0.5,38,80,1,2,47,60
58,68,73.5,12,29.94,0.63,70,64,4.5,15,56,3,0.6,48,52,2,1,60,38
59,72,61,10,29.99,0.00,68,73.5,12,17,30,2,0.6,28,76,1,1,38,34
60,68,59,8,30.055,0.00,72,61,10,19,28,2,0.6,27,68,1,1,34,49
61,70,74,3.5,29.92,0.00,68,59,8,16,49,4,0.5,36,87,1,2,49,91
62,74,73,6.5,29.92,0.00,70,74,3.5,52,88,4,0.9,44,150,2,3,91,107
63,73,78.5,6.5,29.875,0.00,74,73,6.5,81,99,2,0.9,35,120,3,4,107,182
64,76,70,6.5,29.875,0.00,73,78.5,6.5,138,153,3,1.5,40,143,4,3,182,138
65,73,70.5,7.5,29.89,0.00,76,70,6.5,106,128,3,1.2,34,139,3,2,138,100
66,75,66.5,6.5,29.845,0.00,73,70.5,7.5,57,80,4,0.9,32,160,2,3,100,116
67,78,52.5,10,29.79,0.00,75,66.5,6.5,88,113,4,1,35,158,3,2,116,56
68,76,51.5,4.5,29.74,0.00,78,52.5,10,40,63,2,0.7,36,85,2,2,56,68
69,74,61.5,3.5,29.695,0.00,76,51.5,4.5,15,47,3,0.5,40,122,2,3,68,146
70,78,71.5,5.5,29.765,0.00,74,61.5,3.5,45,102,3,0.8,48,211,3,4,146,189
71,79,70,6.5,29.835,0.00,78,71.5,5.5,115,152,4,1.3,44,254,4,3,189,132
72,72,79.5,5.5,29.83,0.12,79,70,6.5,101,122,7,1.8,32,181,3,3,132,122
73,73,56,6.5,29.89,0.00,72,79.5,5.5,93,120,4,1.2,42,82,3,1,122,50
74,70,57.5,4.5,29.995,0.00,73,56,6.5,19,37,2,0.5,40,89,1,2,50,68
75,75,68,4.5,30.065,0.00,70,57.5,4.5,21,58,2,0.6,43,122,2,3,68,123
76,76,64.5,5.5,30.045,0.00,75,68,4.5,72,125,6,1.2,60,186,3,3,123,112
77,74,62.5,3.5,30.035,0.00,76,64.5,5.5,85,125,5,1.1,51,160,3,2,112,80
78,73,70.5,3.5,29.905,0.00,74,62.5,3.5,59,100,4,0.9,63,121,2,3,80,122
79,70,51.5,4.5,29.875,0.00,73,70.5,3.5,93,129,4,1.1,64,153,3,1,122,43
80,71,60,4.5,29.685,0.00,70,51.5,4.5,10,33,3,0.4,35,87,1,2,43,80
81,71,50.5,11,29.83,0.00,71,60,4.5,23,73,3,0.6,56,136,2,2,80,57
82,66,54,5.5,29.935,0.00,71,50.5,11,13,48,3,0.5,46,83,2,2,57,58
83,70,64.5,11,29.755,0.00,66,54,5.5,13,54,3,0.5,47,91,2,2,58,97
84,68,42,11,29.79,0.00,70,64.5,11,58,121,8,1,78,139,2,2,97,70
85,66,62,4.5,29.86,0.00,68,42,11,23,90,2,0.5,40,83,2,3,70,120
86,73,61.5,5.5,29.845,0.00,66,62,4.5,49,190,7,0.9,73,108,3,3,120,102
87,75,73,5.5,29.86,0.00,73,61.5,5.5,62,154,4,1.1,61,143,3,2,102,100
88,64,67,6.5,29.935,0.00,75,73,5.5,75,130,8,1.5,47,136,2,2,100,66
89,60,71,3.5,30.005,0.00,64,67,6.5,48,70,2,0.7,43,56,2,2,66,61
90,58,38,10,30.005,0.00,60,71,3.5,28,61,4,1,49,30,2,1,61,36
91,60,54.5,3.5,29.89,0.00,58,38,10,9,34,4,0.4,29,66,1,2,36,90
92,62,76,4.5,29.935,0.00,60,54.5,3.5,43,100,4,0.8,72,68,2,3,90,142
93,68,55,7.5,29.945,0.00,62,76,4.5,109,157,5,1.2,68,112,3,2,142,95
94,60,59.5,4.5,30.19,0.00,68,55,7.5,71,93,2,0.8,49,83,2,1,95,44
95,58,55,4.5,30.375,0.00,60,59.5,4.5,13,44,4,0.6,34,36,1,1,44,42
96,56,61,7.5,30.3,0.00,58,55,4.5,16,36,2,0.5,34,53,1,2,42,55
97,56,63.5,5.5,30.135,0.00,56,61,7.5,29,60,5,0.6,40,70,2,2,55,75
98,60,68.5,4.5,30.065,0.00,56,63.5,5.5,55,79,5,0.8,40,88,2,2,75,90
99,58,85,4.5,30.11,0.00,60,68.5,4.5,67,89,6,0.8,49,91,2,3,90,145
100,60,85.5,3.5,30.155,0.08,58,85,4.5,112,134,3,1.2,75,14,3,4,145,164
101,54,89.5,9,30.26,1.02,60,85.5,3.5,125,148,3,1.3,69,7,4,1,164,41
102,50,77,5.5,30.35,0.04,54,89.5,9,29,18,3,0.7,30,35,1,1,41,25
103,52,62.5,4.5,30.35,0.00,50,77,5.5,5,10,4,0.4,20,41,1,1,25,35
104,51,64.5,5.5,30.255,0.00,52,62.5,4.5,11,22,3,0.5,28,43,1,1,35,50
105,52,63.5,3.5,30.195,0.00,51,64.5,5.5,21,37,3,0.5,40,40,1,2,50,61
106,50,58,5.5,30.345,0.02,52,63.5,3.5,38,55,2,0.8,49,53,2,2,61,55
107,55,75.5,5.5,30.375,0.01,50,58,5.5,15,33,3,0.7,44,20,2,2,55,67
108,55,63,5.5,30.48,0.00,55,75.5,5.5,49,69,3,1.1,41,47,2,2,67,55
109,54,77,3.5,30.375,0.04,55,63,5.5,39,60,4,1,42,58,2,2,55,92
110,55,91.5,3.5,30.24,0.08,54,77,3.5,69,81,3,1.2,49,48,2,2,92,90
111,58,79,6.5,30.135,0.00,55,91.5,3.5,67,92,3,1.2,46,27,2,2,90,75
112,58,82,3.5,30.095,0.00,58,79,6.5,55,61,2,1.2,38,59,2,3,75,128
113,57,67.5,6.5,30.17,0.00,58,82,3.5,98,100,2,1.5,47,59,3,2,128,100
114,52,68.5,5.5,30.24,0.00,57,67.5,6.5,75,71,3,1.3,38,72,2,2,100,56
115,52,66.5,4.5,30.285,0.00,52,68.5,5.5,38,53,4,1,45,20,2,1,56,50
116,52,71.5,4.5,30.275,0.00,52,66.5,4.5,35,45,2,0.7,38,52,1,2,50,92
117,50,81,3.5,30.24,0.00,52,71.5,4.5,69,79,3,1,46,65,2,3,92,140
118,53,80.5,2,30.11,0.00,50,81,3.5,108,119,3,1.3,56,36,3,5,140,202
119,56,77.5,3.5,30.055,0.00,53,80.5,2,152,155,3,1.6,69,25,5,5,202,221
120,49,55.5,13.5,30.33,0.00,56,77.5,3.5,171,0,2,1.6,68,46,5,2,221,62
121,47,29.5,9,30.515,0.00,49,55.5,13.5,45,46,2,0.7,27,55,2,1,62,33
122,46,50.5,5.5,30.365,0.00,47,29.5,9,8,23,3,0.4,27,57,1,2,33,58
123,44,64,3.5,30.125,0.00,46,50.5,5.5,18,43,4,0.6,47,46,2,2,58,91
124,52,57,5.5,30.095,0.00,44,64,3.5,60,103,5,1,73,9,2,2,91,98
125,52,51.5,10,30.125,0.00,52,57,5.5,64,100,3,1.1,79,31,2,2,98,71
126,40,52.5,4.5,30.45,0.00,52,51.5,10,51,86,6,1,57,56,2,1,71,37
127,42,62,4.5,30.465,0.00,40,52.5,4.5,8,28,2,0.4,30,62,1,2,37,67
128,44,68.5,3.5,30.24,0.00,42,62,4.5,36,63,5,0.8,54,47,2,3,67,130
129,47,67,3.5,30.08,0.00,44,68.5,3.5,100,120,7,1.3,70,37,3,5,130,201
130,52,53,11,30.14,0.00,47,67,3.5,151,167,5,1.5,70,56,5,3,201,111
131,45,55.5,4.5,30.285,0.00,52,53,11,84,96,3,1,44,66,3,2,111,63
132,45,70.5,3.5,30.095,0.00,45,55.5,4.5,20,45,6,0.8,51,30,2,2,63,78
133,43,48.5,18,30.245,0.00,45,70.5,3.5,51,92,6,1.4,63,22,2,1,78,39
134,38,50,5.5,30.3,0.00,43,48.5,18,7,39,2,0.3,15,58,1,1,39,46
135,38,55.5,4.5,30.035,0.00,38,50,5.5,17,36,4,0.5,37,36,1,2,46,78
136,40,49,11,30.115,0.00,38,55.5,4.5,55,92,6,1,63,15,2,2,78,60
137,34,36.5,10,30.255,0.00,40,49,11,26,71,3,0.6,31,61,2,1,60,32
138,30,43,4.5,30.3,0.00,34,36.5,10,10,28,3,0.5,26,62,1,1,32,46
139,34,47,2,30.195,0.00,30,43,4.5,15,37,3,0.5,37,60,1,2,46,90
140,34,39.5,13.5,30.38,0.00,34,47,2,57,87,10,1.4,72,19,2,2,90,55
141,31,28,13.5,30.48,0.00,34,39.5,13.5,23,60,4,0.7,32,64,2,2,55,54
142,29,46.5,4.5,30.37,0.00,31,28,13.5,38,59,7,0.6,35,60,2,3,54,117
143,34,47,4.5,30.345,0.00,29,46.5,4.5,89,118,9,1.4,72,17,3,3,117,135
144,36,48.5,12.5,30.155,0.00,34,47,4.5,104,131,10,1.9,85,29,3,4,135,158
145,38,25,13.5,30.28,0.00,36,48.5,12.5,121,165,13,2,90,37,4,1,158,33
146,36,21,14.5,30.25,0.00,38,25,13.5,7,33,3,0.4,18,62,1,1,33,30
147,37,21.5,8,30.24,0.00,36,21,14.5,7,30,3,0.4,21,52,1,1,30,47
148,36,47,4.5,30.14,0.00,37,21.5,8,20,47,6,0.6,34,52,1,2,47,76
149,32,43.5,15.5,30.39,0.00,36,47,4.5,41,77,8,1,61,25,2,1,76,30
150,31,63,3.5,30.2,0.00,32,43.5,15.5,11,28,3,0.4,24,61,1,2,30,93
151,34,45,12.5,30.305,0.00,31,63,3.5,70,96,11,1.4,72,13,2,2,93,64
152,26,32,5.5,30.585,0.00,34,45,12.5,38,78,4,0.9,39,64,2,1,64,43
153,26,33.5,9,30.54,0.00,26,32,5.5,13,34,4,0.5,35,43,1,2,43,55
154,28,48,6.5,30.395,0.00,26,33.5,9,17,40,5,0.8,44,17,2,2,55,87
155,28,58,2,30.21,0.00,28,48,6.5,64,99,13,1.2,63,0,2,4,87,162
156,32,50,9,30.375,0.00,28,58,2,123,157,17,2,87,0,4,5,162,254
157,30,24,13,30.45,0.00,32,50,9,204,246,13,3,121,0,5,1,254,28
158,34,35.5,10,30.22,0.00,30,24,13,5,13,3,0.5,22,0,1,2,28,77
159,34,43.5,9,30.165,0.00,34,35.5,10,31,55,7,1,61,0,2,2,77,82
160,31,36.5,12.5,30.42,0.00,34,43.5,9,46,83,11,1,65,0,2,1,82,29
161,34,35.5,9,30.36,0.00,31,36.5,12.5,6,17,3,0.3,23,0,1,1,29,28
162,36,42,13.5,30.035,0.00,34,35.5,9,6,15,3,0.5,22,0,1,2,28,77
163,32,23.5,13.5,30.17,0.00,36,42,13.5,34,60,7,1.4,61,0,2,1,77,30
164,26,27,10,30.435,0.00,32,23.5,13.5,7,22,4,0.3,24,0,1,1,30,39
165,21,34,6.5,30.525,0.00,26,27,10,9,23,3,0.5,31,0,1,1,39,23
166,21,37.5,4.5,30.63,0.00,21,34,6.5,5,17,3,0.3,18,0,1,2,23,65
167,28,44,4.5,30.51,0.00,21,37.5,4.5,32,50,8,1,52,22,2,2,65,97
168,28,44,10,30.52,0.00,28,44,4.5,72,86,19,1.9,70,13,2,2,97,51
169,24,29.5,12.5,30.615,0.00,28,44,10,33,52,7,0.9,34,57,2,1,51,41
170,26,42.5,6.5,30.45,0.00,24,29.5,12.5,8,41,2,0.3,12,64,1,2,41,68
171,28,40,13.5,30.465,0.00,26,42.5,6.5,28,54,7,0.9,54,56,2,1,68,47
172,28,39,6.5,30.5,0.00,28,40,13.5,12,47,4,0.5,21,63,1,2,47,65
173,32,41.5,8,30.425,0.00,28,39,6.5,38,72,9,0.9,52,33,2,2,65,53
174,32,46,3.5,30.3,0.00,32,41.5,8,20,43,5,0.6,42,64,2,2,53,98
175,35,42.5,8,30.235,0.00,32,46,3.5,51,76,13,1.4,78,20,2,2,98,72
176,30,44,3.5,30.21,0.00,35,42.5,8,36,62,9,1.2,57,62,2,2,72,79
177,36,27.5,14.5,30.27,0.00,30,44,3.5,32,58,11,1,63,19,2,1,79,49
178,29,33,9,30.285,0.00,36,27.5,14.5,13,49,4,0.5,16,73,1,2,49,62
179,30,44,5.5,30.435,0.00,29,33,9,31,51,10,0.7,49,43,2,2,62,59
180,26,67,4.5,30.345,0.00,30,44,5.5,23,43,7,0.7,47,47,2,2,59,99
181,26,69.5,3.5,30.36,0.00,26,67,4.5,74,85,11,1.5,71,15,2,3,99,143
182,22,88.5,3.5,30.435,0.00,26,69.5,3.5,109,123,13,1.9,70,19,3,5,143,225
183,34,53,10,30.405,0.00,22,88.5,3.5,175,192,6,2.9,86,11,5,3,225,145
184,28,40.5,4.5,30.3,0.00,34,53,10,111,77,5,2,62,52,3,2,145,64
185,28,41.5,4.5,30.38,0.00,28,40.5,4.5,33,67,6,1,51,35,2,2,64,60
186,26,50,5.5,30.58,0.00,28,41.5,4.5,33,61,10,1.1,48,41,2,1,60,49
187,23,27.5,7.5,30.7,0.00,26,50,5.5,27,49,7,0.9,35,50,1,1,49,29
188,24,34.5,5.5,30.555,0.00,23,27.5,7.5,11,28,5,0.4,23,55,1,1,29,44
189,26,40.5,4.5,30.335,0.00,24,34.5,5.5,15,29,5,0.5,35,42,1,2,44,69
190,30,28.5,5.5,30.345,0.00,26,40.5,4.5,32,53,9,1,55,39,2,2,69,52
191,32,37,11,30.195,0.00,30,28.5,5.5,16,29,6,0.6,41,53,2,2,52,59
192,28,26.5,18,30.08,0.00,32,37,11,38,57,11,0.9,47,55,2,2,59,55
193,24,30,14.5,30.175,0.00,28,26.5,18,12,60,4,0.3,12,66,2,1,55,35
194,24,18,17.5,30.42,0.00,24,30,14.5,7,34,3,0.3,14,69,1,1,35,35
195,17,32.5,11,30.64,0.00,24,18,17.5,6,20,3,0.3,10,69,1,1,35,34
196,22,37,3.5,30.45,0.00,17,32.5,11,12,23,5,0.5,27,60,1,2,34,94
197,25,41.5,4.5,30.285,0.00,22,37,3.5,59,79,12,1.4,75,23,2,3,94,137
198,31,52.5,6.5,30.185,0.00,25,41.5,4.5,104,120,16,1.8,86,18,3,4,137,175
199,29,55.5,5.5,30.255,0.00,31,52.5,6.5,132,137,14,1.8,77,45,4,2,175,64
200,32,48.5,11,30.1,0.00,29,55.5,5.5,32,57,9,1,51,46,2,3,64,114
201,32,36.5,9,30.14,0.00,32,48.5,11,45,178,6,0.8,46,60,3,2,114,77
202,28,38,3.5,30.26,0.00,32,36.5,9,41,103,9,1.1,53,67,2,3,77,101
203,32,40.5,12.5,30.185,0.00,28,38,3.5,62,104,12,1.3,81,21,3,3,101,107
204,27,48,4.5,30.27,0.00,32,40.5,12.5,80,121,15,1.6,80,40,3,2,107,65
205,24,40.5,5.5,30.29,0.00,27,48,4.5,31,75,9,0.9,52,35,2,2,65,63
206,22,45,13.5,30.315,0.00,24,40.5,5.5,36,76,21,1.3,48,32,2,1,63,46
207,14,22,12,30.445,0.00,22,45,13.5,22,46,5,0.7,28,71,1,1,46,33
208,17,26,9,30.51,0.00,14,22,12,11,30,4,0.5,17,66,1,1,33,39
209,15,27,6.5,30.66,0.00,17,26,9,17,31,6,0.5,31,71,1,1,39,37
210,13,37,3.5,30.65,0.00,15,27,6.5,9,22,4,0.4,29,68,1,2,37,58
211,15,50.5,3.5,30.465,0.00,13,37,3.5,27,39,8,0.7,46,45,2,3,58,108
212,20,28.5,15.5,30.45,0.00,15,50.5,3.5,81,92,15,1.5,74,16,3,2,108,58
213,26,20.5,13.5,30.39,0.00,20,28.5,15.5,11,65,3,0.4,16,72,2,2,58,55
214,30,20,13.5,30.33,0.00,26,20.5,13.5,8,60,4,0.4,21,73,2,1,55,37
215,30,25.5,10,30.395,0.00,30,20,13.5,11,36,6,0.4,26,74,1,2,37,62
216,27,35,9,30.435,0.00,30,25.5,10,22,73,7,0.5,32,71,2,2,62,67
217,24,21.5,13,30.655,0.00,27,35,9,30,84,11,0.8,39,70,2,1,67,37
218,19,30.5,10,30.625,0.00,24,21.5,13,8,29,5,0.4,12,74,1,1,37,35
219,20,34.5,10,30.525,0.00,19,30.5,10,8,20,5,0.4,22,70,1,1,35,44
220,22,22,11,30.555,0.00,20,34.5,10,19,35,9,0.6,35,60,1,1,44,37
221,20,35.5,5.5,30.375,0.00,22,22,11,7,18,3,0.3,16,73,1,2,37,70
222,22,46,11,30.3,0.00,20,35.5,5.5,46,60,14,0.9,56,47,2,2,70,51
223,20,50,6.5,30.175,0.00,22,46,11,32,51,9,0.7,34,83,2,2,51,73
224,26,36,14.5,30.23,0.00,20,50,6.5,52,75,12,1,58,53,2,2,73,79
225,19,24,13.5,30.42,0.00,26,36,14.5,40,108,9,0.8,35,81,2,1,79,43
226,22,17.5,14.5,30.345,0.00,19,24,13.5,10,43,3,0.4,13,81,1,2,43,66
227,32,25,12,30.21,0.00,22,17.5,14.5,9,82,2,0.3,7,80,2,2,66,53
228,30,30.5,3.5,29.93,0.00,32,25,12,12,55,4,0.4,16,80,2,2,53,80
229,32,27,9,30.13,0.00,30,30.5,3.5,59,80,14,1.2,62,55,2,1,80,41
230,28,31,4.5,30.23,0.00,32,27,9,13,33,4,0.4,19,81,1,2,41,73
231,30,33,7.5,30.165,0.00,28,31,4.5,53,66,11,0.6,24,87,2,3,73,105
232,26,62,3.5,30.245,0.00,30,33,7.5,79,100,15,0.6,26,93,3,3,105,108
233,32,52.5,4.5,30.225,0.00,26,62,3.5,81,91,11,1.4,38,53,3,4,108,152
234,32,61.5,4.5,30.26,0.00,32,52.5,4.5,116,109,16,1.9,50,88,4,4,152,188
235,35,45,8,30.345,0.00,32,61.5,4.5,141,131,26,2.2,46,76,4,2,188,63
236,32,39.5,6.5,30.225,0.00,35,45,8,45,42,7,0.7,23,93,2,1,63,48
237,34,23.5,13.5,30.05,0.00,32,39.5,6.5,33,43,7,0.6,28,88,1,1,48,46
238,36,34,8,30.205,0.00,34,23.5,13.5,18,46,6,0.5,31,84,1,2,46,53
239,30,34,6.5,30.54,0.00,36,34,8,23,55,6,0.6,32,86,2,2,53,62
240,28,47.5,4.5,30.3,0.00,30,34,6.5,29,73,11,0.7,23,71,2,2,62,82
241,36,48.5,4.5,30.055,0.00,28,47.5,4.5,60,71,11,0.9,47,72,2,4,82,163
242,32,61.5,3.5,30.21,0.00,36,48.5,4.5,124,122,22,1.7,75,94,4,5,163,219
243,40,31,16.5,29.885,0.00,32,61.5,3.5,169,171,13,2,56,72,5,3,219,117
244,38,19.5,16.5,30.11,0.00,40,31,16.5,88,118,10,1.1,37,80,3,1,117,50
245,38,34,5.5,29.845,0.00,38,19.5,16.5,17,50,4,0.4,18,87,1,3,50,105
246,39,55.5,3.5,29.77,0.00,38,34,5.5,79,105,19,1.1,56,71,3,5,105,221
247,39,48,6.5,30.11,0.00,39,55.5,3.5,171,196,19,2,79,57,5,3,221,126
248,34,48,8,30.38,0.00,39,48,6.5,58,202,7,0.9,38,51,3,2,126,90
249,31,51.5,9,30.555,0.00,34,48,8,48,129,9,0.9,45,71,2,2,90,63
250,31,52,5.5,30.36,0.00,31,51.5,9,45,64,11,0.9,41,69,2,2,63,64
251,34,38.5,7.5,30.48,0.00,31,52,5.5,46,63,9,0.8,51,48,2,2,64,61
252,34,53,4.5,30.215,0.00,34,38.5,7.5,43,72,6,0.7,37,76,2,3,61,137
253,42,47,6.5,30.19,0.00,34,53,4.5,104,107,13,1.3,72,79,3,4,137,156
254,34,49.5,3.5,30.21,0.00,42,47,6.5,119,128,16,1.5,63,110,4,2,156,85
255,41,60.5,4.5,29.945,0.00,34,49.5,3.5,63,69,18,1.4,50,65,2,4,85,195
256,48,52.5,3.5,29.77,0.00,41,60.5,4.5,146,141,11,1.7,75,91,4,5,195,294
257,49,67.5,5.5,29.785,0.00,48,52.5,3.5,244,198,11,2.1,100,151,5,5,294,287
258,48,33.5,12,30.2,0.00,49,67.5,5.5,237,185,17,2.6,79,86,5,2,287,62
259,38,48.5,6.5,30.45,0.00,48,33.5,12,20,74,3,0.4,18,95,2,2,62,55
260,34,62.5,3.5,30.3,0.12,38,48.5,6.5,33,60,8,0.6,31,95,2,2,55,83
261,42,64.5,4.5,30.19,0.00,34,62.5,3.5,61,60,5,0.9,62,29,2,3,83,138
262,44,56,5.5,30.3,0.00,42,64.5,4.5,105,73,3,1,56,88,3,2,138,94
263,42,33,5.5,30.39,0.00,44,56,5.5,70,60,4,0.8,47,97,2,1,94,44
264,39,41.5,6.5,30.185,0.00,42,33,5.5,23,39,4,0.5,35,87,1,2,44,80
265,48,42.5,5.5,29.935,0.00,39,41.5,6.5,59,83,9,0.9,56,75,2,3,80,115
266,54,40.5,4.5,30.005,0.00,48,42.5,5.5,87,104,8,1,66,96,3,3,115,144
267,54,49,6.5,30.145,0.00,54,40.5,4.5,110,132,12,1.4,90,64,3,3,144,120
268,58,37,8,30.04,0.00,54,49,6.5,91,102,10,1.2,63,118,3,2,120,78
269,59,44.5,4.5,29.89,0.00,58,37,8,57,95,7,0.7,59,128,2,4,78,162
270,60,52,4.5,29.695,0.00,59,44.5,4.5,123,142,13,1.1,76,141,4,5,162,247
271,65,39.5,9,29.87,0.00,60,52,4.5,197,196,12,1.4,103,119,5,1,247,0
272,59,31,8,30.22,0.00,65,39.5,9,0,0,6,0.9,52,75,1,3,0,112
273,53,30.5,5.5,30.17,0.00,59,31,8,39,173,13,0.8,46,88,3,2,112,69
274,60,36.5,5.5,29.92,0.00,53,30.5,5.5,41,85,8,0.6,55,104,2,3,69,137
275,64,51,6.5,29.8,0.00,60,36.5,5.5,104,155,13,1.1,85,120,3,5,137,226
276,64,60,6.5,29.785,2.60,64,51,6.5,176,213,15,1.5,81,202,5,5,226,273
277,52,49,12.5,30.18,0.00,64,60,6.5,223,243,10,1.8,69,155,5,2,273,71
278,40,55.5,6.5,30.375,0.00,52,49,12.5,12,91,2,0.3,17,87,2,1,71,43
279,40,57,13.5,30.14,0.20,40,55.5,6.5,22,20,2,0.4,34,64,1,2,43,74
280,46,26,19,30.185,0.00,40,57,13.5,51,97,2,0.6,28,46,2,2,74,60
281,46,23.5,11,30.065,0.00,46,26,19,14,70,2,0.3,9,91,2,1,60,49
282,50,41.5,9,29.845,0.04,46,23.5,11,18,49,5,0.3,24,98,1,2,49,69
283,54,43.5,5.5,29.74,0.00,50,41.5,9,40,87,6,0.6,49,90,2,3,69,115
284,62,44.5,19,29.705,0.00,54,43.5,5.5,87,126,22,1.4,64,115,3,2,115,84
285,60,43.5,9,29.84,0.16,62,44.5,19,51,118,8,0.8,40,90,2,2,84,56
286,62,36,9,30.055,1.85,60,43.5,9,19,62,5,0.3,38,106,2,2,56,80
287,54,54,8,30.165,0.20,62,36,9,31,109,9,0.6,40,103,2,2,80,69
288,57,46,17.5,30.015,0.02,54,54,8,39,59,9,1.2,55,51,2,3,69,118
289,55,35.5,9,30.04,0.00,57,46,17.5,28,185,2,0.3,13,101,3,2,118,66
290,58,41.5,9,29.96,0.20,55,35.5,9,24,81,4,0.4,31,111,2,3,66,106
291,63,50,6.5,29.875,0.00,58,41.5,9,72,162,10,0.7,50,157,3,3,106,133
292,66,56.5,5.5,29.74,0.47,63,50,6.5,96,216,10,0.9,43,158,3,3,133,144
293,68,59.5,6.5,29.835,0.08,66,56.5,5.5,110,214,8,0.9,49,174,3,4,144,160
294,69,58,5.5,29.795,0.00,68,59.5,6.5,122,194,10,1,51,204,4,4,160,165
295,62,75.5,9,29.91,0.00,69,58,5.5,125,158,12,1.4,44,223,4,2,165,92
296,55,59.5,9,30.12,0.24,62,75.5,9,68,72,3,1,34,78,2,1,92,39
297,59,62.5,6.5,30.125,1.18,55,59.5,9,10,19,2,0.4,21,77,1,2,39,55
298,60,51,5.5,30.11,0.00,59,62.5,6.5,17,31,2,0.4,29,106,2,2,55,64
299,61,52,6.5,29.935,0.00,60,51,5.5,19,35,2,0.4,38,116,2,2,64,87
300,66,54.5,4.5,29.86,0.00,61,52,6.5,33,65,4,0.5,46,144,2,3,87,122
301,66,50.5,8,30.05,0.63,66,54.5,4.5,92,111,6,0.8,54,167,3,3,122,113
302,66,59.5,4.5,29.815,0.00,66,50.5,8,41,175,5,0.6,39,141,3,3,113,150
303,70,63,6.5,29.665,0.00,66,59.5,4.5,96,174,7,0.8,56,214,3,4,150,195
304,67,56.5,6.5,29.875,0.00,70,63,6.5,146,171,9,1,61,169,4,2,195,69
305,64,54,9,29.975,0.04,67,56.5,6.5,29,68,5,0.7,25,122,2,3,69,117
306,62,47,6.5,30.005,0.00,64,54,9,40,184,2,0.5,33,84,3,2,117,51
307,60,35.5,9,30.005,0.00,62,47,6.5,17,41,2,0.3,23,101,2,2,51,58
308,63,50.5,6.5,29.77,0.00,60,35.5,9,15,54,3,0.3,29,109,2,3,58,112
309,69,39.5,8,29.77,0.00,63,50.5,6.5,61,114,8,0.6,57,173,3,1,112,0
310,68,44,7.5,29.775,0.00,69,39.5,8,0,0,4,0.5,50,86,1,3,0,120
311,70,48.5,7.5,29.86,0.00,68,44,7.5,59,189,4,0.5,43,149,3,3,120,104
312,64,47.5,5.5,30.055,0.00,70,48.5,7.5,55,136,8,0.7,46,164,3,2,104,91
313,66,43,7.5,30.105,0.00,64,47.5,5.5,30,80,5,0.5,39,149,2,3,91,120
314,68,54.5,4.5,29.965,0.00,66,43,7.5,47,99,8,0.6,50,182,3,3,120,146
315,68,63,6.5,29.86,0.00,68,54.5,4.5,92,143,12,1,63,210,3,3,146,108
316,69,64.5,14.5,29.725,0.00,68,63,6.5,81,109,6,0.8,52,110,3,4,108,185
317,68,64.5,6.5,29.635,0.00,69,64.5,14.5,139,121,4,1.5,44,163,4,3,185,119
318,79,56,7.5,29.515,0.00,68,64.5,6.5,49,84,3,0.6,40,180,3,4,119,178
319,78,71.5,5.5,29.5,0.00,79,56,7.5,118,146,7,1.2,44,243,4,2,178,90
320,76,70,4.5,29.515,0.00,78,71.5,5.5,67,103,5,1.1,44,136,2,4,90,152
321,72,66,6.5,29.665,0.02,76,70,4.5,116,93,5,1.9,37,180,4,2,152,59
322,77,48.5,6.5,29.845,0.00,72,66,6.5,42,59,3,1,30,79,2,2,59,94
323,70,48,12.5,29.94,0.04,77,48.5,6.5,23,48,4,0.6,31,152,2,3,94,110
324,63,71,4.5,30.035,0.00,70,48,12.5,38,68,5,0.7,43,170,3,2,110,61
325,62,79,5.5,30,0.12,63,71,4.5,39,45,3,0.8,30,113,2,2,61,83
326,68,52,17,29.88,0.00,62,79,5.5,61,41,2,1,37,54,2,3,83,102
327,68,46,10,29.68,0.00,68,52,17,45,153,2,0.4,25,98,3,3,102,139
328,74,54.5,8,29.56,0.00,68,46,10,56,228,5,0.5,42,150,3,4,139,151
329,76,55,6.5,29.605,0.00,74,54.5,8,52,133,7,0.7,52,216,4,4,151,162
330,78,52,11,29.74,0.00,76,55,6.5,61,131,7,0.8,40,227,4,1,162,0
331,77,39,8,29.695,0.00,78,52,11,0,0,4,0.8,36,139,1,2,0,89
332,72,33,14.5,29.71,0.00,77,39,8,44,128,3,0.4,34,140,2,1,89,0
333,71,42,9,29.785,0.00,72,33,14.5,0,0,2,0.2,25,95,1,2,0,63
334,74,40,5.5,29.855,0.00,71,42,9,14,55,2,0.3,34,115,2,2,63,95
335,78,45,5.5,29.935,0.00,74,40,5.5,13,38,3,0.3,35,154,2,4,95,154
336,79,42,8,29.905,0.00,78,45,5.5,29,71,6,0.6,46,219,4,3,154,129
337,79,42,9,29.79,0.00,79,42,8,28,69,3,0.5,48,191,3,4,129,200
338,79,41.5,5.5,29.755,0.03,79,42,9,51,108,9,0.7,50,265,4,2,200,87
339,77,50,10,29.665,0.00,79,41.5,5.5,54,123,4,0.7,41,125,2,3,87,104
340,84,35,10,29.53,0.00,77,50,10,30,90,3,0.5,39,164,3,4,104,164
341,80,33.5,7.5,29.62,0.00,84,35,10,40,120,7,0.5,47,229,4,4,164,172
342,80,43.5,12,29.8,0.02,80,33.5,7.5,54,144,9,0.7,46,237,4,2,172,95
343,76,45.5,6.5,29.815,0.00,80,43.5,12,22,57,3,0.5,24,153,2,2,95,90
344,70,63.5,8,29.745,0.16,76,45.5,6.5,15,43,2,0.5,33,148,2,2,90,55
345,68,65.5,6.5,29.65,0.00,70,63.5,8,21,44,2,0.5,29,106,2,3,55,106
346,72,65.5,9,29.545,0.00,68,65.5,6.5,34,42,2,0.7,23,166,3,2,106,100
347,76,62,8,29.49,0.12,72,65.5,9,64,75,2,0.9,31,159,2,3,100,135
348,68,73.5,4.5,29.56,0.39,76,62,8,86,88,3,1,46,198,3,2,135,64
349,75,61,6.5,29.635,0.00,68,73.5,4.5,46,31,3,1,32,101,2,3,64,125
350,75,66,7.5,29.755,0.00,75,61,6.5,25,43,3,0.7,36,187,3,3,125,136
351,77,62,5.5,29.71,0.00,75,66,7.5,63,63,5,1.2,27,199,3,3,136,141
352,75,71,10,29.685,0.20,77,62,5.5,81,102,3,1,28,205,3,2,141,98
353,80,65,6.5,29.575,0.00,75,71,10,45,58,2,0.9,28,157,2,3,98,148
354,82,55.5,6.5,29.62,0.00,80,65,6.5,81,78,3,1,34,212,3,3,148,118
355,84,51.5,6.5,29.62,0.00,82,55.5,6.5,53,79,4,1,27,179,3,2,118,97
356,81,47.5,4.5,29.68,0.00,84,51.5,6.5,39,52,3,0.7,33,156,2,4,97,157
357,80,50.5,5.5,29.65,0.00,81,47.5,4.5,27,64,7,0.9,34,222,4,2,157,100
358,84,53,5.5,29.545,0.00,80,50.5,5.5,58,91,7,1.2,51,160,2,5,100,203
359,86,52.5,6.5,29.59,0.00,84,53,5.5,56,90,4,0.9,32,277,5,4,203,185
360,82,57.5,5.5,29.59,0.02,86,52.5,6.5,54,94,4,0.7,31,250,4,3,185,126
361,81,68,9,29.545,0.00,82,57.5,5.5,82,115,5,1.2,41,188,3,4,126,163
362,86,50.5,10,29.485,0.00,81,68,9,124,89,4,1.7,35,219,4,1,163,48
363,84,41,7.5,29.515,0.00,86,50.5,10,26,47,3,0.5,35,95,1,2,48,66
364,74,56,2,29.495,0.00,84,41,7.5,9,27,4,0.3,25,119,2,3,66,103
365,79,42,8,29.905,0.00,74,56,2,18,56,2,0.5,46,163,3,4,103,186
366,83,57.5,7.5,29.68,0.00,79,42,8,33,77,6,1,34,251,4,3,186,120
367,81,61.5,5.5,29.625,0.00,83,57.5,7.5,49,62,4,1,25,181,3,3,120,110
368,80,69.5,4.5,29.53,0.02,81,61.5,5.5,44,58,3,0.9,24,170,3,3,110,122
369,86,60,5.5,29.44,0.00,80,69.5,4.5,54,69,3,0.9,24,184,3,4,122,172
370,84,59.5,11,29.575,0.12,86,60,5.5,59,84,3,0.9,30,237,4,4,172,173
371,82,63.5,5.5,29.72,0.00,84,59.5,11,71,109,4,1.2,35,238,4,4,173,169
372,76,78,5.5,29.75,0.24,82,63.5,5.5,36,57,3,1,24,234,4,2,169,70
373,80,76,4.5,29.725,0.16,76,78,5.5,51,60,3,0.9,27,50,2,3,70,111
374,78,79.5,5.5,29.825,0.00,80,76,4.5,54,65,3,0.9,23,172,3,3,111,102
375,78,69.5,3.5,29.845,0.00,78,79.5,5.5,76,52,3,1,29,82,3,1,102,50
376,73,84,4.5,29.785,0.67,78,69.5,3.5,32,40,3,0.7,22,100,1,1,50,47
377,75,82,3.5,29.725,0.08,73,84,4.5,30,47,3,0.6,35,64,1,1,47,48
378,81,77,5.5,29.665,0.04,75,82,3.5,33,38,3,0.9,33,78,1,2,48,60
379,84,70.5,3.5,29.635,0.00,81,77,5.5,43,48,3,0.9,38,107,2,3,60,110
380,85,73,4.5,29.665,0.00,84,70.5,3.5,51,59,3,0.7,23,171,3,3,110,117
381,80,85.5,13.5,29.65,0.79,85,73,4.5,59,67,4,1,29,178,3,1,117,38
382,75,94.5,6.5,29.65,1.22,80,85.5,13.5,26,36,3,0.7,28,68,1,1,38,34
383,80,84,3.5,29.665,1.06,75,94.5,6.5,18,21,3,0.7,27,63,1,3,34,109
384,84,79.5,8,29.665,0.24,80,84,3.5,82,90,3,1.4,27,116,3,2,109,92
385,86,73,6.5,29.59,0.00,84,79.5,8,68,86,5,1,34,122,2,3,92,108
386,89,66,7.5,29.64,0.00,86,73,6.5,80,82,3,1,27,168,3,3,108,130
387,86,68,10,29.725,0.00,89,66,7.5,69,79,4,0.9,21,193,3,2,130,62
388,86,70,4.5,29.68,0.01,86,68,10,44,47,3,0.9,28,105,2,2,62,100
389,82,80,9,29.535,1.54,86,70,4.5,54,56,3,1,23,159,2,1,100,31
390,84,66,5.5,29.575,0.28,82,80,9,17,28,3,0.6,18,62,1,2,31,55
391,84,58.5,5.5,29.695,0.00,84,66,5.5,10,20,3,0.5,19,105,2,2,55,95
392,84,72.5,5.5,29.77,0.00,84,58.5,5.5,11,32,3,0.5,24,154,2,2,95,93
393,85,72,4.5,29.74,0.00,84,72.5,5.5,46,65,3,1.2,24,151,2,3,93,129
394,86,70.5,4.5,29.68,0.00,85,72,4.5,55,70,3,1.2,21,191,3,3,129,145
395,88,69,3.5,29.665,0.00,86,70.5,4.5,72,90,3,1.2,28,209,3,3,145,141
396,89,67,6.5,29.67,0.00,88,69,3.5,72,87,3,1.2,28,205,3,4,141,163