日期,AQI,质量等级,PM2.5,PM10,SO2,CO,NO2,O3_8h,主要污染物,天气1,天气2,气温1,气温2,rain,weather,temp_mean,temp_range
2015/1/1,68,良,48,86,21,1,43,103,PM10,晴,晴,19,6,0,1,12.5,13
2015/1/2,73,良,53,97,19,1.2,62,81,NO2,晴,晴,20,7,0,1,13.5,13
2015/1/3,133,轻度污染,101,154,29,1.7,96,101,PM2.5,晴,晴,21,8,0,1,14.5,13
2015/1/4,91,良,68,107,23,1.5,85,70,NO2,多云,多云,23,14,0,2,18.5,9
2015/1/5,81,良,60,88,28,1.4,78,25,NO2,阴,阴,23,17,0,2,20,6
2015/1/6,110,轻度污染,83,114,21,1.6,84,42,PM2.5,小雨,小雨,24,14,1,3,19,10
2015/1/7,60,良,43,60,16,1.8,36,24,PM2.5,多云,多云,17,10,0,2,13.5,7
2015/1/8,61,良,44,61,18,1.4,33,92,PM2.5,多云,晴,18,6,0,2,12,12
2015/1/9,77,良,56,73,22,1.3,50,77,PM2.5,多云,多云,19,10,0,2,14.5,9
2015/1/10,78,良,57,79,24,1.2,54,85,PM2.5,多云,多云,19,11,0,2,15,8
2015/1/11,74,良,54,68,14,1.2,45,41,PM2.5,小雨,小雨,17,9,1,3,13,8
2015/1/12,46,优,32,43,5,1.2,39,29,NO2,中到大雨,中雨,12,9,1,4,10.5,3
2015/1/13,22,优,13,22,5,1.2,37,41,,小雨,多云,15,7,1,3,11,8
2015/1/14,36,优,23,36,9,1,37,66,,晴,晴,19,6,0,1,12.5,13
2015/1/15,60,良,43,62,10,0.9,54,69,NO2,晴,晴,19,5,0,1,12,14
2015/1/16,83,良,61,98,18,1.3,71,70,NO2,晴,晴,20,8,0,1,14,12
2015/1/17,67,良,48,68,15,0.9,55,85,NO2,多云,晴,19,8,0,2,13.5,11
2015/1/18,100,良,75,101,23,1.1,58,95,PM2.5,晴,晴,20,8,0,1,14,12
2015/1/19,88,良,66,95,20,1.1,60,98,PM2.5,晴,晴,20,7,0,1,13.5,13
2015/1/20,176,中度污染,133,180,37,2.1,145,97,PM2.5,晴,多云,21,10,0,2,15.5,11
2015/1/21,163,中度污染,124,158,33,1.9,120,104,PM2.5,霾,霾,22,9,0,2,15.5,13
2015/1/22,79,良,58,83,19,1.2,75,100,NO2,晴,晴,22,7,0,1,14.5,15
2015/1/23,87,良,64,96,31,1.1,91,105,NO2,晴,多云,23,10,0,2,16.5,13
2015/1/24,98,良,74,103,28,1.1,90,87,NO2,小雨,多云,21,14,1,3,17.5,7
2015/1/25,92,良,69,92,23,1.2,71,51,NO2,多云,多云,23,15,0,2,19,8
2015/1/26,92,良,68,87,22,1.2,69,42,PM2.5,多云,多云,25,14,0,2,19.5,11
2015/1/27,87,良,65,83,22,1.1,68,46,"NO2,PM2.5",多云,多云,24,14,0,2,19,10
2015/1/28,68,良,49,69,14,1,56,78,NO2,多云,多云,21,13,0,2,17,8
2015/1/29,71,良,52,83,19,1,67,82,NO2,多云,阴,21,12,0,2,16.5,9
2015/1/30,51,良,33,52,13,1.2,40,43,PM10,阴,多云,17,8,0,2,12.5,9
2015/1/31,51,良,36,51,12,1,38,33,PM2.5,多云,多云,17,9,0,2,13,8
2015/2/1,58,良,41,59,11,1,41,59,PM2.5,多云,多云,17,10,0,2,13.5,7
2015/2/2,73,良,54,79,14,1.2,61,74,NO2,晴,多云,19,11,0,2,15,8
2015/2/3,106,轻度污染,80,106,22,1.4,80,56,PM2.5,多云,多云,21,12,0,2,16.5,9
2015/2/4,68,良,49,62,12,1.3,42,28,PM2.5,多云,阴,19,9,0,2,14,10
2015/2/5,58,良,42,53,9,1.1,25,63,PM2.5,阴,多云,14,7,0,2,10.5,7
2015/2/6,116,轻度污染,88,111,26,1.1,51,60,PM2.5,多云,多云,17,8,0,2,12.5,9
2015/2/7,129,轻度污染,98,129,26,1.4,70,41,PM2.5,多云,多云,17,10,0,2,13.5,7
2015/2/8,88,良,65,86,18,1,41,105,PM2.5,多云,晴,18,7,0,2,12.5,11
2015/2/9,96,良,72,94,21,1.1,59,117,PM2.5,晴,晴,18,6,0,1,12,12
2015/2/10,124,轻度污染,94,126,24,1.2,79,119,PM2.5,晴,多云,19,9,0,2,14,10
2015/2/11,144,轻度污染,110,142,26,1.4,87,70,PM2.5,多云,多云,20,9,0,2,14.5,11
2015/2/12,147,轻度污染,113,141,15,1.4,73,108,PM2.5,霾,霾,22,9,0,2,15.5,13
2015/2/13,95,良,71,99,16,1.4,95,106,NO2,霾,多云,24,12,0,2,18,12
2015/2/14,85,良,63,91,19,1.2,88,94,NO2,阴,小雨,22,16,1,3,19,6
2015/2/15,102,轻度污染,77,98,6,1.3,60,37,PM2.5,小雨,多云,22,15,1,3,18.5,7
2015/2/16,64,良,46,65,3,1.3,44,46,PM2.5,多云,多云,25,15,0,2,20,10
2015/2/17,54,良,38,52,4,1,40,74,PM2.5,多云,多云,23,14,0,2,18.5,9
2015/2/18,67,良,48,71,7,1,38,98,PM2.5,多云,多云,24,15,0,2,19.5,9
2015/2/19,84,良,62,95,12,1,28,96,PM2.5,小雨,阴,22,16,1,3,19,6
2015/2/20,51,良,36,53,5,0.8,22,81,,小雨,小雨,22,17,1,3,19.5,5
2015/2/21,49,优,33,49,4,0.8,30,61,,小雨,小雨,22,17,1,3,19.5,5
2015/2/22,42,优,29,41,5,0.8,32,48,,小雨,小到中雨,24,18,1,4,21,6
2015/2/23,28,优,18,28,3,0.8,34,23,,中雨,小到中雨,23,19,1,4,21,4
2015/2/24,35,优,24,35,4,0.9,32,36,,阵雨,阴,23,18,1,3,20.5,5
2015/2/25,32,优,23,32,4,0.9,28,42,,阴,阴,27,19,0,2,23,8
2015/2/26,36,优,23,36,7,0.8,32,42,,多云,阴,26,20,0,2,23,6
2015/2/27,31,优,19,31,6,0.8,34,46,,多云,阴,25,19,0,2,22,6
2015/2/28,36,优,23,36,7,0.8,37,49,,阴,小雨,25,13,1,3,19,12
2015/3/1,23,优,10,17,4,0.9,23,46,,阴,多云,17,13,0,2,15,4
2015/3/2,46,优,32,46,10,1,48,31,NO2,多云,阴,20,14,0,2,17,6
2015/3/3,44,优,31,40,8,1.1,49,20,NO2,小雨,小雨,18,12,1,3,15,6
2015/3/4,18,优,11,17,6,0.9,30,36,,小雨,小雨,15,11,1,3,13,4
2015/3/5,25,优,16,25,4,1.1,33,9,,小雨,小雨,17,14,1,3,15.5,3
2015/3/6,17,优,10,17,3,0.9,28,9,,小雨,阴,16,11,1,3,13.5,5
2015/3/7,38,优,24,38,5,1,36,10,,阴,阴,18,14,0,2,16,4
2015/3/8,90,良,67,111,16,1.5,64,26,PM2.5,多云,阴,22,16,0,2,19,6
2015/3/9,89,良,67,93,16,1.6,59,15,PM2.5,阴,阴,21,15,0,2,18,6
2015/3/10,40,优,28,36,5,0.9,34,21,,小雨,小雨,19,13,1,3,16,6
2015/3/11,31,优,22,31,5,0.9,34,13,,小雨,小雨,17,13,1,3,15,4
2015/3/12,26,优,15,26,6,1,38,13,,小雨,多云,16,13,1,3,14.5,3
2015/3/13,48,优,33,48,15,1.1,49,13,NO2,多云,多云,21,16,0,2,18.5,5
2015/3/14,76,良,56,82,18,1.4,74,18,NO2,多云,阴,22,18,0,2,20,4
2015/3/15,66,良,47,69,16,1.3,63,13,NO2,阴,阴,25,20,0,2,22.5,5
2015/3/16,53,良,37,54,15,1,54,21,NO2,阴,阴,25,20,0,2,22.5,5
2015/3/17,42,优,28,42,10,0.7,45,26,NO2,阴,阴,27,21,0,2,24,6
2015/3/18,48,优,31,48,11,0.7,47,34,NO2,阴,阴,26,21,0,2,23.5,5
2015/3/19,52,良,35,55,11,0.8,47,56,NO2,多云,多云,27,20,0,2,23.5,7
2015/3/20,51,良,33,52,9,0.7,43,93,NO2,多云,多云,28,20,0,2,24,8
2015/3/21,67,良,49,74,14,1.2,53,48,"NO2,PM2.5",多云,阴,26,20,0,2,23,6
2015/3/22,82,良,60,80,16,1.5,55,41,PM2.5,多云,阴,26,19,0,2,22.5,7
2015/3/23,57,良,40,63,12,1,53,62,NO2,雷阵雨,阴,25,17,1,3,21,8
2015/3/24,29,优,17,28,7,1,33,57,,阴,阴,23,17,0,2,20,6
2015/3/25,47,优,32,47,8,0.9,41,46,NO2,阴,阴,24,17,0,2,20.5,7
2015/3/26,34,优,24,34,4,0.9,40,25,NO2,阴,阴,23,16,0,2,19.5,7
2015/3/27,45,优,22,33,7,1,37,39,NO2,阴,多云,23,18,0,2,20.5,5
2015/3/28,60,良,43,63,13,1,52,106,NO2,多云,多云,24,18,0,2,21,6
2015/3/29,73,良,48,65,14,1,53,127,臭氧8小时,阵雨,阴,24,19,1,3,21.5,5
2015/3/30,52,良,33,55,12,0.9,46,91,NO2,雷阵雨,雷阵雨,26,20,1,3,23,6
2015/3/31,43,优,25,43,9,0.8,38,48,,雷阵雨,多云,25,22,1,3,23.5,3
2015/4/1,42,优,24,42,8,0.7,38,30,,多云,阴,26,22,0,2,24,4
2015/4/2,39,优,21,39,8,0.8,30,49,,阴,多云,28,23,0,2,25.5,5
2015/4/3,39,优,20,39,8,0.8,33,28,,多云,多云,30,24,0,2,27,6
2015/4/4,33,优,17,33,7,0.7,26,59,,阵雨,多云,29,24,1,3,26.5,5
2015/4/5,49,优,24,37,10,0.7,27,98,,多云,多云,30,23,0,2,26.5,7
2015/4/6,83,良,33,56,16,0.9,43,139,臭氧8小时,多云,多云,30,21,0,2,25.5,9
2015/4/7,64,良,46,72,18,1.3,40,96,PM2.5,阵雨,阴,27,16,1,3,21.5,11
2015/4/8,21,优,12,21,5,1.1,28,34,,阴,阵雨,19,15,1,3,17,4
2015/4/9,34,优,24,33,5,1,33,23,,阴,阵雨,17,13,1,3,15,4
2015/4/10,22,优,13,22,5,1.1,33,22,,小雨,中雨,19,14,1,4,16.5,5
2015/4/11,34,优,24,29,5,1.1,38,19,NO2,中到大雨,小雨,16,13,1,4,14.5,3
2015/4/12,57,良,41,60,14,1.4,43,94,NO2,多云,多云,21,14,0,2,17.5,7
2015/4/13,89,良,61,100,16,1.5,61,147,臭氧8小时,晴,晴,26,13,0,1,19.5,13
2015/4/14,102,轻度污染,32,67,12,0.8,44,162,臭氧8小时,晴,晴,25,12,0,1,18.5,13
2015/4/15,136,轻度污染,50,93,24,0.9,61,200,臭氧8小时,晴,晴,25,14,0,1,19.5,11
2015/4/16,170,中度污染,55,95,23,1,63,235,臭氧8小时,晴,多云,29,15,0,2,22,14
2015/4/17,88,良,44,70,18,1,51,146,臭氧8小时,多云,多云,29,20,0,2,24.5,9
2015/4/18,54,良,31,58,15,0.9,42,63,PM10,多云,阴,29,23,0,2,26,6
2015/4/19,56,良,36,63,11,0.9,40,60,PM10,多云,中雨,31,23,1,4,27,8
2015/4/20,42,优,27,42,11,1.1,40,41,NO2,大雨,中雨,26,18,1,4,22,8
2015/4/21,55,良,22,33,10,1.2,31,106,臭氧8小时,小雨,多云,23,17,1,3,20,6
2015/4/22,69,良,35,51,10,1,39,123,臭氧8小时,多云,多云,28,18,0,2,23,10
2015/4/23,71,良,52,75,17,1.1,57,92,NO2,多云,多云,28,20,0,2,24,8
2015/4/24,71,良,52,77,19,1.2,64,91,NO2,多云,多云,28,20,0,2,24,8
2015/4/25,121,轻度污染,92,117,27,1.5,78,97,PM2.5,阵雨,阴,28,21,1,3,24.5,7
2015/4/26,89,良,66,78,17,1.2,60,77,PM2.5,多云,多云,28,21,0,2,24.5,7
2015/4/27,110,轻度污染,59,83,21,1.2,59,171,臭氧8小时,多云,多云,28,21,0,2,24.5,7
2015/4/28,93,良,40,63,17,1,45,152,臭氧8小时,多云,阴,30,23,0,2,26.5,7
2015/4/29,99,良,49,75,18,1.1,57,159,臭氧8小时,雷阵雨,中雨,29,23,1,4,26,6
2015/4/30,89,良,43,63,12,1,50,147,臭氧8小时,中雨,阴,27,23,1,4,25,4
2015/5/1,37,优,17,29,8,0.8,26,73,,多云,雷阵雨,31,23,1,3,27,8
2015/5/2,28,优,15,28,9,0.8,26,51,,雷阵雨,雷阵雨,30,23,1,3,26.5,7
2015/5/3,66,良,27,44,11,0.9,35,119,臭氧8小时,阴,多云,30,24,0,2,27,6
2015/5/4,62,良,30,45,10,1,36,114,臭氧8小时,多云,雷阵雨,30,24,1,3,27,6
2015/5/5,37,优,23,32,8,1,36,73,,雷阵雨,阵雨,31,25,1,3,28,6
2015/5/6,37,优,25,37,9,0.9,37,38,,阴,雷阵雨,31,25,1,3,28,6
2015/5/7,31,优,20,27,8,0.9,40,62,NO2,雷阵雨,雷阵雨,29,23,1,3,26,6
2015/5/8,36,优,19,36,12,0.8,35,30,,雷阵雨,大到暴雨,31,23,1,4,27,8
2015/5/9,39,优,25,39,13,0.9,42,36,NO2,大雨,中到大雨,29,23,1,4,26,6
2015/5/10,46,优,28,44,17,1,44,91,NO2,雷阵雨,雷阵雨,29,23,1,3,26,6
2015/5/11,37,优,23,37,13,0.8,42,63,NO2,大雨,小雨,29,20,1,4,24.5,9
2015/5/12,75,良,17,40,11,0.7,40,130,臭氧8小时,多云,多云,29,21,0,2,25,8
2015/5/13,61,良,37,72,21,0.9,66,99,NO2,多云,阴,29,22,0,2,25.5,7
2015/5/14,40,优,22,39,14,0.6,34,80,,雷阵雨,阴,30,24,1,3,27,6
2015/5/15,34,优,16,32,13,0.5,28,68,,雷阵雨,阴,32,25,1,3,28.5,7
2015/5/16,33,优,21,30,10,0.8,50,66,NO2,雷阵雨,雷阵雨,31,23,1,3,27,8
2015/5/17,42,优,30,39,14,0.9,52,42,NO2,大雨,中雨,28,24,1,4,26,4
2015/5/18,40,优,21,37,15,0.8,39,79,,中雨,雷阵雨,29,24,1,4,26.5,5
2015/5/19,41,优,22,41,13,0.7,34,81,,雷阵雨,雷阵雨,32,24,1,3,28,8
2015/5/20,32,优,22,32,13,0.7,41,35,NO2,大到暴雨,大到暴雨,30,23,1,4,26.5,7
2015/5/21,33,优,23,30,11,0.8,46,35,NO2,大雨,阵雨,27,22,1,4,24.5,5
2015/5/22,49,优,34,45,12,0.9,47,41,NO2,大雨,大到暴雨,26,22,1,4,24,4
2015/5/23,44,优,31,44,12,1,50,17,NO2,大雨,阵雨,26,22,1,4,24,4
2015/5/24,67,良,49,61,17,1.4,76,32,NO2,阵雨,多云,28,24,1,3,26,4
2015/5/25,99,良,70,87,17,1.3,67,159,臭氧8小时,阵雨,雷阵雨,29,24,1,3,26.5,5
2015/5/26,45,优,27,45,13,0.8,47,57,NO2,雷阵雨,雷阵雨,32,24,1,3,28,8
2015/5/27,46,优,26,46,11,0.7,39,91,,雷阵雨,多云,32,26,1,3,29,6
2015/5/28,61,良,25,45,10,0.7,32,113,臭氧8小时,多云,多云,33,28,0,2,30.5,5
2015/5/29,64,良,26,47,10,0.6,30,117,臭氧8小时,阵雨,多云,33,26,1,3,29.5,7
2015/5/30,57,良,24,42,9,0.7,38,108,,雷阵雨,雷阵雨,32,26,1,3,29,6
2015/5/31,43,优,30,41,12,0.9,53,37,NO2,雷阵雨,雷阵雨,32,26,1,3,29,6
2015/6/1,44,优,26,44,11,0.9,48,33,NO2,雷阵雨,阵雨,32,25,1,3,28.5,7
2015/6/2,34,优,18,33,9,0.6,33,68,,多云,多云,34,27,0,2,30.5,7
2015/6/3,50,优,18,34,11,0.6,30,99,,多云,多云,34,27,0,2,30.5,7
2015/6/4,55,良,21,38,11,0.6,35,106,臭氧8小时,雷阵雨,雷阵雨,35,26,1,3,30.5,9
2015/6/5,39,优,23,39,11,0.8,42,62,NO2,雷阵雨,雷阵雨,33,26,1,3,29.5,7
2015/6/6,63,良,34,48,11,0.9,59,116,NO2,雷阵雨,雷阵雨,33,26,1,3,29.5,7
2015/6/7,36,优,16,31,9,0.8,30,71,,多云,多云,34,26,0,2,30,8
2015/6/8,44,优,18,32,10,1.1,27,88,,雷阵雨,多云,34,26,1,3,30,8
2015/6/9,47,优,19,34,14,0.7,26,93,,雷阵雨,雷阵雨,34,27,1,3,30.5,7
2015/6/10,36,优,21,36,11,0.7,35,65,,雷阵雨,雷阵雨,34,26,1,3,30,8
2015/6/11,37,优,21,35,10,0.8,35,73,,雷阵雨,雷阵雨,33,26,1,3,29.5,7
2015/6/12,49,优,27,45,10,0.9,48,98,NO2,雷阵雨,多云,34,26,1,3,30,8
2015/6/13,47,优,26,47,13,0.9,39,85,,雷阵雨,多云,34,26,1,3,30,8
2015/6/14,31,优,18,31,10,0.7,28,59,,雷阵雨,多云,34,27,1,3,30.5,7
2015/6/15,51,良,18,31,12,0.7,31,101,臭氧8小时,多云,多云,34,26,0,2,30,8
2015/6/16,54,良,23,41,13,0.8,32,105,,多云,晴,35,26,0,2,30.5,9
2015/6/17,58,良,20,36,13,0.7,26,109,臭氧8小时,晴,晴,36,27,0,1,31.5,9
2015/6/18,84,良,21,40,11,0.7,29,141,臭氧8小时,晴,晴,36,28,0,1,32,8
2015/6/19,73,良,18,34,11,0.7,24,127,臭氧8小时,晴,晴,36,28,0,1,32,8
2015/6/20,55,良,18,35,15,0.7,26,106,臭氧8小时,多云,多云,34,28,0,2,31,6
2015/6/21,43,优,18,31,11,0.7,26,85,,雷阵雨,多云,35,27,1,3,31,8
2015/6/22,28,优,15,25,9,0.6,26,56,,雷阵雨,雷阵雨,33,25,1,3,29,8
2015/6/23,32,优,14,23,9,0.7,27,63,,大雨,大雨,30,25,1,4,27.5,5
2015/6/24,28,优,16,28,7,0.7,33,46,,雷阵雨,雷阵雨,32,26,1,3,29,6
2015/6/25,53,良,21,40,8,0.7,29,103,臭氧8小时,雷阵雨,多云,34,27,1,3,30.5,7
2015/6/26,69,良,21,39,8,0.7,26,123,臭氧8小时,雷阵雨,多云,34,27,1,3,30.5,7
2015/6/27,62,良,19,37,9,0.7,22,114,臭氧8小时,多云,晴,36,28,0,2,32,8
2015/6/28,68,良,20,39,10,0.7,22,121,臭氧8小时,晴,晴,35,28,0,1,31.5,7
2015/6/29,89,良,21,40,13,0.7,23,147,臭氧8小时,晴,晴,35,28,0,1,31.5,7
2015/6/30,86,良,26,46,9,0.7,22,143,臭氧8小时,晴,晴,35,28,0,1,31.5,7
2015/7/1,77,良,25,46,9,0.7,26,132,臭氧8小时,晴,晴,36,28,0,1,32,8
2015/7/2,86,良,25,47,9,0.7,24,143,臭氧8小时,晴,多云,36,28,0,2,32,8
2015/7/3,85,良,27,51,11,0.8,27,142,臭氧8小时,多云,多云,36,28,0,2,32,8
2015/7/4,78,良,26,45,9,0.7,25,134,臭氧8小时,雷阵雨,雷阵雨,36,26,1,3,31,10
2015/7/5,48,优,32,44,8,0.9,38,95,,雷阵雨,雷阵雨,33,26,1,3,29.5,7
2015/7/6,50,优,23,30,8,0.9,26,99,,雷阵雨,阴,32,25,1,3,28.5,7
2015/7/7,55,良,23,34,11,0.8,24,106,臭氧8小时,多云,多云,33,26,0,2,29.5,7
2015/7/8,50,优,23,34,8,0.7,23,100,臭氧8小时,多云,多云,32,25,0,2,28.5,7
2015/7/9,40,优,22,35,9,0.8,23,80,,中到大雨,中到大雨,30,24,1,4,27,6
2015/7/10,39,优,15,29,5,0.7,26,77,,多云,多云,32,26,0,2,29,6
2015/7/11,65,良,35,54,11,0.8,39,118,臭氧8小时,多云,晴,35,26,0,2,30.5,9
2015/7/12,101,轻度污染,45,64,10,0.8,39,161,臭氧8小时,晴,晴,36,27,0,1,31.5,9
2015/7/13,159,中度污染,72,101,18,1,42,224,臭氧8小时,晴,晴,36,28,0,1,32,8
2015/7/14,155,中度污染,35,56,12,0.7,34,220,臭氧8小时,晴,多云,36,28,0,2,32,8
2015/7/15,117,轻度污染,27,43,10,0.8,30,179,臭氧8小时,多云,多云,36,28,0,2,32,8
2015/7/16,91,良,36,52,7,0.9,44,149,臭氧8小时,多云,雷阵雨,36,26,1,3,31,10
2015/7/17,74,良,42,61,8,1,50,129,臭氧8小时,中雨,雷阵雨,32,26,1,4,29,6
2015/7/18,52,良,29,44,6,0.9,49,102,NO2,雷阵雨,雷阵雨,32,26,1,3,29,6
2015/7/19,58,良,36,53,6,1,34,110,臭氧8小时,雷阵雨,雷阵雨,34,26,1,3,30,8
2015/7/20,46,优,32,46,6,0.8,33,64,,大雨,大到暴雨,32,25,1,4,28.5,7
2015/7/21,45,优,19,31,8,0.9,36,33,,大雨,中雨,29,25,1,4,27,4
2015/7/22,44,优,25,44,11,0.8,33,77,,雷阵雨,雷阵雨,32,26,1,3,29,6
2015/7/23,43,优,22,43,9,0.8,31,44,,中到大雨,大雨,31,25,1,4,28,6
2015/7/24,43,优,19,34,9,0.8,34,37,,大雨,中到大雨,30,26,1,4,28,4
2015/7/25,44,优,22,44,11,0.9,33,61,,中到大雨,雷阵雨,30,26,1,4,28,4
2015/7/26,38,优,19,38,8,0.7,24,68,,雷阵雨,雷阵雨,32,26,1,3,29,6
2015/7/27,41,优,21,41,10,0.8,31,53,,雷阵雨,多云,33,26,1,3,29.5,7
2015/7/28,46,优,21,38,9,0.8,28,91,,雷阵雨,多云,34,24,1,3,29,10
2015/7/29,42,优,21,40,10,0.8,33,47,,雷阵雨,多云,32,25,1,3,28.5,7
2015/7/30,41,优,22,41,11,0.7,31,53,,雷阵雨,多云,32,25,1,3,28.5,7
2015/7/31,48,优,20,40,12,0.7,30,96,,雷阵雨,多云,32,25,1,3,28.5,7
2015/8/1,86,良,23,42,12,0.7,29,143,臭氧8小时,多云,晴,34,26,0,2,30,8
2015/8/2,75,良,18,36,11,0.6,26,129,臭氧8小时,晴,晴,35,25,0,1,30,10
2015/8/3,85,良,28,50,16,0.7,32,141,臭氧8小时,晴,晴,35,26,0,1,30.5,9
2015/8/4,134,轻度污染,34,58,16,0.8,32,197,臭氧8小时,晴,晴,35,26,0,1,30.5,9
2015/8/5,172,中度污染,47,77,15,0.9,39,237,臭氧8小时,晴,晴,36,26,0,1,31,10
2015/8/6,200,中度污染,46,73,13,0.9,38,265,臭氧8小时,晴,晴,36,28,0,1,32,8
2015/8/7,104,轻度污染,46,72,11,0.9,41,164,臭氧8小时,晴,晴,37,27,0,1,32,10
2015/8/8,76,良,49,70,14,0.9,38,131,臭氧8小时,多云,多云,36,28,0,2,32,8
2015/8/9,60,良,42,64,14,0.8,37,111,臭氧8小时,雷阵雨,雷阵雨,36,26,1,3,31,10
2015/8/10,61,良,36,52,12,1,39,113,臭氧8小时,雷阵雨,雷阵雨,33,26,1,3,29.5,7
2015/8/11,62,良,39,54,12,1,49,35,NO2,雷阵雨,雷阵雨,32,26,1,3,29,6
2015/8/12,104,轻度污染,37,62,13,0.9,36,164,臭氧8小时,雷阵雨,多云,33,26,1,3,29.5,7
2015/8/13,49,优,26,46,10,0.9,39,76,,雷阵雨,雷阵雨,32,26,1,3,29,6
2015/8/14,57,良,29,48,12,0.9,45,43,NO2,雷阵雨,雷阵雨,32,25,1,3,28.5,7
2015/8/15,62,良,31,52,15,0.9,49,40,NO2,雷阵雨,雷阵雨,32,25,1,3,28.5,7
2015/8/16,75,良,37,69,16,1,42,130,臭氧8小时,雷阵雨,多云,32,26,1,3,29,6
2015/8/17,51,良,28,51,14,0.8,36,77,PM10,多云,晴,34,27,0,2,30.5,7
2015/8/18,81,良,28,50,13,0.8,30,137,臭氧8小时,晴,晴,35,27,0,1,31,8
2015/8/19,115,轻度污染,31,52,11,0.8,29,176,臭氧8小时,晴,多云,36,28,0,2,32,8
2015/8/20,68,良,49,74,14,1,46,74,PM2.5,多云,晴,35,26,0,2,30.5,9
2015/8/21,77,良,36,51,14,0.9,30,132,臭氧8小时,晴,晴,36,27,0,1,31.5,9
2015/8/22,82,良,41,57,12,0.9,32,138,臭氧8小时,晴,晴,36,27,0,1,31.5,9
2015/8/23,95,良,48,72,15,0.9,36,154,臭氧8小时,晴,晴,35,27,0,1,31,8
2015/8/24,112,轻度污染,55,80,12,0.9,38,173,臭氧8小时,晴,晴,35,27,0,1,31,8
2015/8/25,110,轻度污染,50,78,11,0.9,44,171,臭氧8小时,晴,晴,35,25,0,1,30,10
2015/8/26,115,轻度污染,64,96,18,1,43,176,臭氧8小时,晴,多云,36,27,0,2,31.5,9
2015/8/27,139,轻度污染,52,77,14,0.9,43,202,臭氧8小时,雷阵雨,阴,34,27,1,3,30.5,7
2015/8/28,73,良,42,58,8,1,46,127,臭氧8小时,雷阵雨,雷阵雨,32,25,1,3,28.5,7
2015/8/29,65,良,43,61,12,1,52,72,NO2,雷阵雨,雷阵雨,32,25,1,3,28.5,7
2015/8/30,53,良,30,39,7,0.9,42,79,NO2,大到暴雨,雷阵雨,30,24,1,4,27,6
2015/8/31,54,良,30,42,10,0.9,43,41,NO2,大雨,雷阵雨,30,24,1,4,27,6
2015/9/1,50,优,30,45,11,1,40,30,,大到暴雨,雷阵雨,30,25,1,4,27.5,5
2015/9/2,45,优,20,34,9,0.8,36,38,,雷阵雨,雷阵雨,30,25,1,3,27.5,5
2015/9/3,57,良,30,48,14,1,45,21,NO2,雷阵雨,雷阵雨,31,25,1,3,28,6
2015/9/4,75,良,30,50,14,0.8,34,129,臭氧8小时,多云,晴,34,26,0,2,30,8
2015/9/5,82,良,28,48,12,0.7,32,138,臭氧8小时,晴,晴,34,26,0,1,30,8
2015/9/6,66,良,27,50,11,0.7,36,119,臭氧8小时,晴,雷阵雨,35,26,1,3,30.5,9
2015/9/7,58,良,30,52,10,0.8,46,57,NO2,中到大雨,雷阵雨,32,25,1,4,28.5,7
2015/9/8,125,轻度污染,43,69,12,0.9,50,187,臭氧8小时,雷阵雨,多云,32,25,1,3,28.5,7
2015/9/9,157,中度污染,59,93,14,1,61,222,臭氧8小时,多云,晴,33,25,0,2,29,8
2015/9/10,136,轻度污染,59,97,18,0.9,63,199,臭氧8小时,晴,晴,32,26,0,1,29,6
2015/9/11,150,轻度污染,55,86,16,0.9,52,214,臭氧8小时,晴,多云,33,26,0,2,29.5,7
2015/9/12,75,良,54,78,9,0.9,46,129,臭氧8小时,多云,多云,32,23,0,2,27.5,9
2015/9/13,79,良,58,73,6,0.9,28,100,PM2.5,多云,多云,31,23,0,2,27,8
2015/9/14,63,良,45,67,6,0.9,39,101,PM2.5,多云,多云,31,24,0,2,27.5,7
2015/9/15,59,良,42,66,8,0.9,44,98,PM2.5,多云,多云,32,25,0,2,28.5,7
2015/9/16,64,良,46,75,9,0.9,47,72,PM2.5,多云,多云,32,25,0,2,28.5,7
2015/9/17,95,良,48,78,12,0.9,50,154,臭氧8小时,多云,晴,32,25,0,2,28.5,7
2015/9/18,110,轻度污染,55,83,15,0.9,48,171,臭氧8小时,晴,多云,34,26,0,2,30,8
2015/9/19,80,良,47,74,13,0.9,40,136,臭氧8小时,多云,雷阵雨,32,24,1,3,28,8
2015/9/20,48,优,30,48,9,0.8,37,80,,中雨,中雨,32,24,1,4,28,8
2015/9/21,63,良,29,42,7,1.1,50,22,NO2,中雨,阵雨,30,24,1,4,27,6
2015/9/22,55,良,39,53,11,1,44,96,"NO2,PM2.5",阵雨,多云,31,25,1,3,28,6
2015/9/23,96,良,33,57,11,0.9,45,155,臭氧8小时,多云,晴,34,26,0,2,30,8
2015/9/24,72,良,32,56,9,0.9,41,126,臭氧8小时,晴,晴,34,26,0,1,30,8
2015/9/25,86,良,43,74,13,0.9,50,143,臭氧8小时,晴,多云,35,26,0,2,30.5,9
2015/9/26,60,良,40,56,11,1,40,112,臭氧8小时,多云,多云,33,26,0,2,29.5,7
2015/9/27,55,良,34,46,7,0.9,23,105,臭氧8小时,晴,晴,34,25,0,1,29.5,9
2015/9/28,69,良,46,71,10,0.9,37,122,臭氧8小时,晴,晴,33,25,0,1,29,8
2015/9/29,68,良,49,84,14,0.9,45,119,PM2.5,多云,多云,33,26,0,2,29.5,7
2015/9/30,88,良,65,105,14,1,56,129,PM2.5,多云,多云,32,26,0,2,29,6
2015/10/1,78,良,57,80,12,1,36,112,PM2.5,多云,晴,32,24,0,2,28,8
2015/10/2,52,良,34,53,6,0.8,24,97,PM10,晴,晴,31,25,0,1,28,6
2015/10/3,51,良,31,52,6,0.9,28,64,PM10,多云,中雨,32,24,1,4,28,8
2015/10/4,30,优,15,21,3,0.7,24,28,,大到暴雨,中雨,27,24,1,4,25.5,3
2015/10/5,44,优,18,29,5,0.8,35,19,,阵雨,中雨,28,24,1,4,26,4
2015/10/6,68,良,33,52,10,1.1,54,32,NO2,阵雨,中雨,29,24,1,4,26.5,5
2015/10/7,52,良,26,45,8,1.1,41,42,NO2,中雨,阵雨,29,24,1,4,26.5,5
2015/10/8,49,优,31,49,12,1.1,36,82,,阴,阴,30,24,0,2,27,6
2015/10/9,46,优,29,46,7,0.9,33,88,,多云,晴,29,21,0,2,25,8
2015/10/10,38,优,22,38,4,0.7,29,54,,多云,小到中雨,26,18,1,4,22,8
2015/10/11,49,优,15,31,4,0.6,39,60,,小雨,阴,22,17,1,3,19.5,5
2015/10/12,88,良,41,81,12,0.9,70,72,NO2,多云,多云,25,18,0,2,21.5,7
2015/10/13,102,轻度污染,54,103,13,1.1,84,107,NO2,多云,晴,28,19,0,2,23.5,9
2015/10/14,131,轻度污染,91,151,21,1.3,105,194,臭氧8小时,晴,晴,30,20,0,1,25,10
2015/10/15,119,轻度污染,90,138,18,1.1,84,156,PM2.5,晴,晴,30,20,0,1,25,10
2015/10/16,101,轻度污染,63,107,16,0.9,81,126,NO2,晴,晴,31,20,0,1,25.5,11
2015/10/17,93,良,50,94,14,0.9,74,136,NO2,晴,晴,32,19,0,1,25.5,13
2015/10/18,82,良,54,101,15,0.8,58,138,臭氧8小时,晴,晴,31,19,0,1,25,12
2015/10/19,83,良,61,105,16,0.9,61,131,PM2.5,晴,多云,30,21,0,2,25.5,9
2015/10/20,75,良,52,96,17,0.8,60,120,NO2,多云,多云,29,21,0,2,25,8
2015/10/21,67,良,46,84,14,0.8,51,111,PM10,多云,多云,30,22,0,2,26,8
2015/10/22,70,良,49,90,12,0.8,55,108,PM10,多云,多云,31,22,0,2,26.5,9
2015/10/23,73,良,50,93,10,0.8,58,114,NO2,多云,晴,32,22,0,2,27,10
2015/10/24,80,良,56,106,14,0.9,64,121,NO2,晴,多云,32,22,0,2,27,10
2015/10/25,70,良,50,89,14,0.9,48,102,PM10,多云,多云,30,23,0,2,26.5,7
2015/10/26,65,良,44,80,16,0.8,50,116,PM10,多云,多云,31,24,0,2,27.5,7
2015/10/27,77,良,48,84,15,1,61,57,NO2,小雨,阴,29,24,1,3,26.5,5
2015/10/28,84,良,62,101,13,1,63,125,PM2.5,多云,多云,30,23,0,2,26.5,7
2015/10/29,61,良,43,72,12,0.9,44,98,PM10,多云,晴,31,24,0,2,27.5,7
2015/10/30,67,良,48,78,14,1,48,78,PM2.5,多云,小雨,31,20,1,3,25.5,11
2015/10/31,41,优,23,41,6,1.2,30,50,,小雨,多云,24,18,1,3,21,6
2015/11/1,33,优,11,22,5,1,26,31,,多云,多云,23,16,0,2,19.5,7
2015/11/2,51,良,27,52,11,0.8,40,87,PM10,多云,多云,24,16,0,2,20,8
2015/11/3,70,良,42,75,13,0.9,56,78,NO2,多云,多云,26,19,0,2,22.5,7
2015/11/4,83,良,54,95,15,1.1,66,88,NO2,多云,多云,28,20,0,2,24,8
2015/11/5,84,良,62,109,19,1.1,66,138,PM2.5,多云,多云,30,22,0,2,26,8
2015/11/6,72,良,38,74,15,0.9,57,81,NO2,多云,多云,30,23,0,2,26.5,7
2015/11/7,73,良,44,91,19,0.8,58,115,NO2,多云,多云,28,23,0,2,25.5,5
2015/11/8,63,良,35,75,17,0.9,49,74,PM10,多云,多云,30,23,0,2,26.5,7
2015/11/9,56,良,31,61,12,1,39,37,PM10,阴,阴,28,20,0,2,24,8
2015/11/10,47,优,26,47,8,1,35,29,,阴,阴,25,20,0,2,22.5,5
2015/11/11,67,良,48,84,15,1.2,49,59,"PM10,PM2.5",阴,阴,24,21,0,2,22.5,3
2015/11/12,71,良,50,91,13,1.3,49,28,PM10,阴,小到中雨,26,20,1,4,23,6
2015/11/13,39,优,18,29,6,1.2,31,6,,中雨,中到大雨,22,17,1,4,19.5,5
2015/11/14,64,良,22,49,10,1.1,51,41,NO2,阴,多云,24,20,0,2,22,4
2015/11/15,64,良,39,70,14,0.9,51,58,NO2,多云,小到中雨,27,21,1,4,24,6
2015/11/16,62,良,27,57,14,0.7,49,43,NO2,小到中雨,阴,27,22,1,4,24.5,5
2015/11/17,60,良,28,62,15,0.8,48,58,NO2,多云,多云,30,22,0,2,26,8
2015/11/18,94,良,45,87,15,1,75,101,NO2,多云,多云,30,21,0,2,25.5,9
2015/11/19,85,良,56,89,12,1,68,64,NO2,多云,多云,30,22,0,2,26,8
2015/11/20,79,良,57,89,23,1.1,63,84,NO2,多云,多云,29,22,0,2,25.5,7
2015/11/21,72,良,52,76,14,1.1,50,39,PM2.5,小雨,多云,28,21,1,3,24.5,7
2015/11/22,51,良,34,52,9,1.1,39,84,PM10,多云,多云,28,20,0,2,24,8
2015/11/23,45,优,26,40,9,0.9,36,86,,晴,晴,28,19,0,1,23.5,9
2015/11/24,68,良,38,63,11,1,54,104,NO2,晴,多云,28,16,0,2,22,12
2015/11/25,55,良,24,53,13,1.2,44,46,NO2,多云,晴,22,13,0,2,17.5,9
2015/11/26,37,优,17,33,10,0.9,28,74,,晴,晴,20,10,0,1,15,10
2015/11/27,57,良,29,48,12,0.8,45,77,NO2,晴,多云,20,12,0,2,16,8
2015/11/28,84,良,49,76,19,1.1,67,40,NO2,多云,多云,22,15,0,2,18.5,7
2015/11/29,95,良,71,106,29,1.3,67,57,PM2.5,多云,多云,22,16,0,2,19,6
2015/11/30,64,良,42,66,18,1.2,51,80,NO2,多云,多云,24,16,0,2,20,8
2015/12/1,85,良,61,98,20,1.4,68,66,NO2,多云,多云,24,18,0,2,21,6
2015/12/2,78,良,47,80,15,1.3,62,63,NO2,小雨,小雨,26,14,1,3,20,12
2015/12/3,44,优,17,24,4,1,35,27,,小雨,阴,18,13,1,3,15.5,5
2015/12/4,44,优,21,34,5,1,35,19,,阴,阴,18,14,0,2,16,4
2015/12/5,50,优,23,45,7,0.8,40,15,,中到大雨,中雨,16,11,1,4,13.5,5
2015/12/6,33,优,8,16,7,0.6,26,42,,多云,多云,17,10,0,2,13.5,7
2015/12/7,40,优,17,29,6,0.6,32,45,,多云,多云,18,14,0,2,16,4
2015/12/8,52,良,25,40,9,0.8,41,19,NO2,多云,小到中雨,18,12,1,4,15,6
2015/12/9,53,良,19,25,6,1,42,5,NO2,大雨,小雨,15,12,1,4,13.5,3
2015/12/10,53,良,18,31,12,1,42,25,NO2,多云,多云,19,13,0,2,16,6
2015/12/11,52,良,24,38,9,0.9,41,39,NO2,多云,多云,20,14,0,2,17,6
2015/12/12,69,良,48,82,14,1.2,55,15,NO2,多云,多云,19,15,0,2,17,4
2015/12/13,90,良,67,114,20,1.4,68,34,PM2.5,小雨,小雨,21,15,1,3,18,6
2015/12/14,47,优,14,29,10,1.3,37,20,,小雨,阴,18,12,1,3,15,6
2015/12/15,43,优,30,42,10,0.9,32,62,,阴,多云,17,10,0,2,13.5,7
2015/12/16,69,良,50,73,17,0.8,30,81,PM2.5,多云,晴,16,8,0,2,12,8
2015/12/17,48,优,20,48,15,0.5,33,76,,晴,晴,16,6,0,1,11,10
2015/12/18,68,良,34,63,15,0.6,54,69,NO2,晴,晴,16,7,0,1,11.5,9
2015/12/19,101,轻度污染,52,90,19,0.9,81,74,NO2,晴,多云,20,10,0,2,15,10
2015/12/20,105,轻度污染,75,119,23,1.1,89,42,NO2,多云,阴,20,13,0,2,16.5,7
2015/12/21,115,轻度污染,87,123,18,1.3,74,18,PM2.5,阴,阴,20,16,0,2,18,4
2015/12/22,166,中度污染,126,160,18,1.9,92,7,PM2.5,阴,霾,21,18,0,2,19.5,3
2015/12/23,162,中度污染,123,165,16,2,100,18,PM2.5,霾,霾,24,19,0,2,21.5,5
2015/12/24,78,良,44,77,13,1.4,62,22,NO2,小雨,小雨,26,12,1,3,19,14
2015/12/25,44,优,18,32,9,1.3,35,57,,多云,多云,17,12,0,2,14.5,5
2015/12/26,52,良,25,35,6,1.2,41,37,NO2,小雨,小雨,16,10,1,3,13,6
2015/12/27,54,良,19,30,7,1.2,43,20,NO2,小雨,阴,16,11,1,3,13.5,5
2015/12/28,49,优,30,44,8,1.1,39,63,,多云,多云,18,11,0,2,14.5,7
2015/12/29,72,良,52,67,9,1.1,45,28,PM2.5,多云,小雨,17,11,1,3,14,6
2015/12/30,57,良,40,56,7,1.2,42,33,PM2.5,小雨,多云,16,10,1,3,13,6
2015/12/31,70,良,51,74,10,1,45,66,PM2.5,多云,晴,18,12,0,2,15,6
2016/1/1,88,良,65,93,13,1.2,58,65,PM2.5,晴,多云,22,12,0,2,17,10
2016/1/2,105,轻度污染,79,130,16,1.8,82,52,PM2.5,多云,阴,22,16,0,2,19,6
2016/1/3,153,中度污染,117,147,19,1.7,90,50,PM2.5,阴,阴,25,18,0,2,21.5,7
2016/1/4,99,良,74,103,15,1.6,77,28,PM2.5,小雨,中雨,24,18,1,4,21,6
2016/1/5,70,良,25,47,8,1.3,56,15,NO2,中雨,阴,22,16,1,4,19,6
2016/1/6,48,优,20,34,7,1.1,38,49,,多云,多云,23,12,0,2,17.5,11
2016/1/7,63,良,29,48,6,1.2,50,73,NO2,多云,多云,20,14,0,2,17,6
2016/1/8,62,良,36,57,10,1.2,49,67,NO2,多云,多云,21,14,0,2,17.5,7
2016/1/9,78,良,50,74,17,1.3,62,52,NO2,多云,阴,20,14,0,2,17,6
2016/1/10,82,良,46,76,16,1.2,65,20,NO2,中到大雨,中到大雨,18,14,1,4,16,4
2016/1/11,53,良,12,23,6,1.2,42,26,NO2,小雨,多云,17,11,1,3,14,6
2016/1/12,48,优,22,36,8,1.1,38,36,,阴,阴,17,11,0,2,14,6
2016/1/13,54,良,30,46,8,0.9,43,62,NO2,多云,多云,18,10,0,2,14,8
2016/1/14,64,良,43,61,10,1,51,25,NO2,多云,小到中雨,18,12,1,4,15,6
2016/1/15,53,良,23,34,4,1.1,42,8,NO2,小到中雨,小雨,14,12,1,4,13,2
2016/1/16,57,良,32,54,8,1.2,45,6,NO2,小雨,中雨,15,12,1,4,13.5,3
2016/1/17,47,优,17,30,7,1.2,37,45,,小雨,多云,17,10,1,3,13.5,7
2016/1/18,60,良,27,46,7,1,48,62,NO2,晴,多云,20,10,0,2,15,10
2016/1/19,63,良,41,65,8,0.9,50,34,NO2,多云,小雨,17,12,1,3,14.5,5
2016/1/20,68,良,49,71,6,1,52,11,PM2.5,小雨,小到中雨,15,12,1,4,13.5,3
2016/1/21,48,优,16,29,4,1.2,38,11,,小到中雨,小到中雨,14,9,1,4,11.5,5
2016/1/22,38,优,12,21,3,1,30,14,,小到中雨,小雨,12,4,1,4,8,8
2016/1/23,29,优,20,28,5,0.7,22,55,,阴,小雨,6,2,1,3,4,4
2016/1/24,48,优,28,48,7,0.5,20,68,,小雨,多云,6,0,1,3,3,6
2016/1/25,53,良,23,56,14,0.6,32,81,PM10,多云,多云,10,2,0,2,6,8
2016/1/26,72,良,29,58,8,0.6,57,32,NO2,小雨,中到大雨,12,6,1,4,9,6
2016/1/27,73,良,36,45,5,1,58,15,NO2,中到大雨,中到大雨,10,9,1,4,9.5,1
2016/1/28,77,良,25,36,7,1.4,61,5,NO2,大到暴雨,大到暴雨,14,13,1,4,13.5,1
2016/1/29,68,良,18,32,5,1,54,17,NO2,中雨,阴,18,12,1,4,15,6
2016/1/30,48,优,19,31,6,0.9,38,39,,多云,阴,19,11,0,2,15,8
2016/1/31,49,优,20,30,5,0.9,39,20,,小雨,中到大雨,16,8,1,4,12,8
2016/2/1,32,优,5,10,5,0.9,25,33,,中雨,阴,11,7,1,4,9,4
2016/2/2,33,优,20,27,9,1,26,56,,小雨,阴,10,6,1,3,8,4
2016/2/3,57,良,40,49,5,0.8,31,53,PM2.5,阴,阴,12,8,0,2,10,4
2016/2/4,58,良,41,56,7,0.9,33,55,PM2.5,阴,多云,14,9,0,2,11.5,5
2016/2/5,42,优,24,35,6,0.8,23,83,,多云,晴,16,7,0,2,11.5,9
2016/2/6,68,良,40,61,12,0.7,21,121,臭氧8小时,晴,晴,16,6,0,1,11,10
2016/2/7,53,良,27,48,9,0.6,29,103,臭氧8小时,晴,晴,17,5,0,1,11,12
2016/2/8,130,轻度污染,99,98,26,0.9,54,100,PM2.5,晴,晴,18,6,0,1,12,12
2016/2/9,82,良,60,80,11,0.9,59,113,PM2.5,晴,多云,22,12,0,2,17,10
2016/2/10,75,良,55,73,8,0.9,58,67,PM2.5,多云,小雨,22,15,1,3,18.5,7
2016/2/11,56,良,38,62,7,0.8,44,53,PM10,小雨,阴,23,18,1,3,20.5,5
2016/2/12,44,优,26,44,7,0.8,32,60,,小雨,阴,24,21,1,3,22.5,3
2016/2/13,36,优,21,36,5,0.7,28,51,,阴,小雨,27,14,1,3,20.5,13
2016/2/14,30,优,18,30,5,1.1,23,51,,小雨,阴,20,8,1,3,14,12
2016/2/15,30,优,17,26,6,0.7,15,59,,阴,阴,12,9,0,2,10.5,3
2016/2/16,43,优,30,40,12,0.7,24,68,,多云,多云,14,8,0,2,11,6
2016/2/17,48,优,32,47,10,0.7,38,53,,阴,阴,15,10,0,2,12.5,5
2016/2/18,75,良,54,75,13,0.9,60,30,NO2,多云,阴,18,13,0,2,15.5,5
2016/2/19,82,良,60,76,8,1,60,19,PM2.5,小雨,小雨,17,10,1,3,13.5,7
2016/2/20,62,良,43,71,11,0.8,49,104,NO2,阴,多云,18,10,0,2,14,8
2016/2/21,79,良,58,98,14,0.9,60,68,PM2.5,阴,阴,18,14,0,2,16,4
2016/2/22,60,良,35,57,10,1.1,48,38,NO2,小雨,小雨,17,11,1,3,14,6
2016/2/23,39,优,11,20,7,0.9,31,37,,小雨,阴,14,10,1,3,12,4
2016/2/24,34,优,14,20,6,0.8,27,52,,阴,阴,13,10,0,2,11.5,3
2016/2/25,49,优,32,43,7,0.7,39,37,,阴,阴,14,10,0,2,12,4
2016/2/26,60,良,28,42,7,0.8,48,21,NO2,阴,多云,14,10,0,2,12,4
2016/2/27,60,良,25,43,10,0.9,48,61,NO2,多云,晴,19,9,0,2,14,10
2016/2/28,89,良,44,75,14,1.2,71,52,NO2,晴,晴,22,11,0,1,16.5,11
2016/2/29,85,良,58,107,16,1.2,68,96,NO2,晴,晴,23,10,0,1,16.5,13
2016/3/1,109,轻度污染,82,137,24,1,87,152,PM2.5,晴,晴,26,11,0,1,18.5,15
2016/3/2,116,轻度污染,76,119,20,1,80,177,臭氧8小时,晴,晴,24,12,0,1,18,12
2016/3/3,98,良,52,81,19,0.9,78,131,NO2,晴,多云,24,14,0,2,19,10
2016/3/4,94,良,48,76,22,1,75,73,NO2,多云,多云,25,16,0,2,20.5,9
2016/3/5,92,良,56,82,20,1.1,73,55,NO2,多云,多云,24,18,0,2,21,6
2016/3/6,98,良,73,102,20,1.2,74,100,PM2.5,多云,多云,26,18,0,2,22,8
2016/3/7,70,良,41,56,20,1,56,37,NO2,多云,多云,27,19,0,2,23,8
2016/3/8,70,良,38,58,14,0.8,56,31,NO2,多云,多云,26,18,0,2,22,8
2016/3/9,59,良,29,45,10,1,47,15,NO2,雷阵雨,大雨,26,9,1,4,17.5,17
2016/3/10,30,优,5,12,4,0.7,24,40,,大雨,阴,11,7,1,4,9,4
2016/3/11,39,优,27,38,6,0.7,28,59,,阴,阴,12,8,0,2,10,4
2016/3/12,55,良,39,52,6,0.8,39,24,PM2.5,阴,小雨,14,10,1,3,12,4
2016/3/13,54,良,25,38,8,1.2,43,4,NO2,中雨,小雨,15,12,1,4,13.5,3
2016/3/14,47,优,27,40,8,0.9,37,64,,多云,阴,17,13,0,2,15,4
2016/3/15,68,良,49,72,12,1.1,54,22,"NO2,PM2.5",阴,阴,17,14,0,2,15.5,3
2016/3/16,59,良,36,52,8,1.1,47,8,NO2,小雨,小雨,17,14,1,3,15.5,3
2016/3/17,68,良,37,48,7,1.5,54,6,NO2,小雨,小雨,17,17,1,3,17,0
2016/3/18,88,良,65,94,11,1.7,68,8,PM2.5,小到中雨,阴,21,20,1,4,20.5,1
2016/3/19,67,良,48,76,11,1.4,53,4,"NO2,PM2.5",小雨,小到中雨,25,20,1,4,22.5,5
2016/3/20,60,良,42,62,9,0.9,48,36,NO2,中到大雨,中雨,24,20,1,4,22,4
2016/3/21,73,良,30,43,10,1.1,58,38,NO2,大到暴雨,大雨,22,17,1,4,19.5,5
2016/3/22,80,良,28,39,7,1.1,64,21,NO2,大雨,大雨,21,18,1,4,19.5,3
2016/3/23,68,良,21,32,7,1.2,54,33,NO2,大到暴雨,中雨,20,14,1,4,17,6
2016/3/24,42,优,18,28,8,0.9,33,50,,小到中雨,小雨,16,12,1,4,14,4
2016/3/25,58,良,36,62,13,0.8,42,109,臭氧8小时,阴,多云,18,9,0,2,13.5,9
2016/3/26,87,良,45,74,15,0.9,69,139,NO2,多云,晴,20,10,0,2,15,10
2016/3/27,70,良,42,67,14,0.9,52,123,臭氧8小时,晴,晴,23,9,0,1,16,14
2016/3/28,92,良,59,90,20,1,73,134,NO2,晴,多云,24,13,0,2,18.5,11
2016/3/29,109,轻度污染,75,119,24,1.2,98,101,NO2,多云,多云,23,17,0,2,20,6
2016/3/30,120,轻度污染,91,135,19,1.3,117,54,PM2.5,多云,阴,24,18,0,2,21,6
2016/3/31,175,中度污染,132,180,21,1.7,108,156,PM2.5,多云,多云,26,21,0,2,23.5,5
2016/4/1,129,轻度污染,98,111,21,1.3,82,84,PM2.5,雾,多云,27,21,0,2,24,6
2016/4/2,67,良,44,62,11,1.1,53,56,NO2,小雨,阴,27,20,1,3,23.5,7
2016/4/3,64,良,44,60,10,1.1,51,26,NO2,阵雨,小雨,26,20,1,3,23,6
2016/4/4,54,良,30,39,8,1.1,43,29,NO2,中雨,阵雨,25,21,1,4,23,4
2016/4/5,62,良,30,44,10,1,49,29,NO2,多云,阴,29,21,0,2,25,8
2016/4/6,52,良,26,40,12,0.9,41,41,NO2,阴,阴,28,22,0,2,25,6
2016/4/7,50,优,31,46,12,0.9,40,33,,小雨,雷阵雨,28,23,1,3,25.5,5
2016/4/8,53,良,35,54,14,0.9,42,57,NO2,小雨,小雨,28,22,1,3,25,6
2016/4/9,54,良,34,50,13,0.9,43,21,NO2,小雨,阵雨,29,22,1,3,25.5,7
2016/4/10,68,良,35,46,12,1,54,64,NO2,大到暴雨,阴,26,21,1,4,23.5,5
2016/4/11,59,良,33,51,13,1,47,52,NO2,阴,阴,25,21,0,2,23,4
2016/4/12,64,良,25,38,15,1.1,51,26,NO2,中到大雨,大雨,25,21,1,4,23,4
2016/4/13,93,良,40,62,15,1.3,74,34,NO2,大雨,阴,24,22,1,4,23,2
2016/4/14,70,良,49,68,15,1.4,56,10,NO2,小到中雨,小到中雨,27,23,1,4,25,4
2016/4/15,58,良,34,50,12,1,46,10,NO2,阵雨,阴,27,23,1,3,25,4
2016/4/16,54,良,35,58,12,1,40,28,PM10,小雨,小雨,28,23,1,3,25.5,5
2016/4/17,50,优,32,50,14,0.9,30,21,,大雨,大到暴雨,28,20,1,4,24,8
2016/4/18,45,优,15,29,12,1.2,36,70,,小雨,小雨,25,19,1,3,22,6
2016/4/19,77,良,33,51,14,1.2,61,54,NO2,小雨,雷阵雨,26,21,1,3,23.5,5
2016/4/20,74,良,34,53,12,1.1,59,28,NO2,小雨,大雨,23,21,1,4,22,2
2016/4/21,73,良,45,62,13,1.1,58,14,NO2,中到大雨,中到大雨,26,22,1,4,24,4
2016/4/22,74,良,37,52,14,1,59,41,NO2,小雨,大雨,26,21,1,4,23.5,5
2016/4/23,85,良,45,62,16,1.1,68,39,NO2,大到暴雨,暴雨,26,21,1,4,23.5,5
2016/4/24,70,良,37,51,15,1,56,63,NO2,大到暴雨,雷阵雨,26,21,1,4,23.5,5
2016/4/25,59,良,35,53,15,0.9,47,74,NO2,中雨,中雨,27,23,1,4,25,4
2016/4/26,48,优,26,39,15,0.9,38,24,,中雨,雷阵雨,28,23,1,4,25.5,5
2016/4/27,62,良,31,50,11,1,38,114,臭氧8小时,多云,多云,28,22,0,2,25,6
2016/4/28,53,良,28,48,12,1.1,42,93,NO2,多云,多云,29,22,0,2,25.5,7
2016/4/29,72,良,52,77,14,1,50,116,PM2.5,小雨,多云,28,22,1,3,25,6
2016/4/30,85,良,63,85,14,1.1,61,63,PM2.5,小雨,阵雨,30,22,1,3,26,8
2016/5/1,54,良,36,48,11,1,43,67,NO2,小雨,多云,28,23,1,3,25.5,5
2016/5/2,49,优,29,49,10,0.9,36,49,,多云,雷阵雨,30,24,1,3,27,6
2016/5/3,47,优,28,44,9,0.9,37,47,,小雨,多云,29,24,1,3,26.5,5
2016/5/4,59,良,41,56,12,1,47,106,NO2,小雨,小雨,29,24,1,3,26.5,5
2016/5/5,42,优,24,42,8,0.8,27,49,,小雨,中雨,32,24,1,4,28,8
2016/5/6,43,优,25,43,9,0.8,31,59,,小雨,多云,30,26,1,3,28,4
2016/5/7,53,良,26,48,11,0.9,42,52,NO2,多云,多云,32,25,0,2,28.5,7
2016/5/8,42,优,22,35,10,0.8,33,29,,小雨,小雨,32,25,1,3,28.5,7
2016/5/9,38,优,22,37,9,0.8,30,50,,中雨,大到暴雨,31,24,1,4,27.5,7
2016/5/10,55,良,20,32,7,1.1,44,52,NO2,小到中雨,阴,28,22,1,4,25,6
2016/5/11,110,轻度污染,28,44,8,1.1,39,170,臭氧8小时,多云,晴,31,22,0,2,26.5,9
2016/5/12,147,轻度污染,53,76,11,1.2,46,211,臭氧8小时,多云,多云,32,24,0,2,28,8
2016/5/13,110,轻度污染,47,77,16,1.1,54,171,臭氧8小时,小雨,多云,32,24,1,3,28,8
2016/5/14,57,良,34,51,12,0.9,40,108,臭氧8小时,小雨,多云,31,24,1,3,27.5,7
2016/5/15,68,良,27,47,13,0.9,33,121,臭氧8小时,中雨,雷阵雨,29,20,1,4,24.5,9
2016/5/16,63,良,24,69,8,0.8,31,115,臭氧8小时,多云,多云,28,20,0,2,24,8
2016/5/17,68,良,48,85,13,1,51,111,PM10,多云,多云,28,21,0,2,24.5,7
2016/5/18,100,良,41,67,14,1,50,159,臭氧8小时,小雨,多云,29,23,1,3,26,6
2016/5/19,59,良,32,54,14,0.9,47,85,NO2,小雨,多云,29,24,1,3,26.5,5
2016/5/20,59,良,30,45,13,0.9,47,39,NO2,小到中雨,暴雨,28,22,1,4,25,6
2016/5/21,42,优,17,27,9,1,33,64,,小雨,多云,28,24,1,3,26,4
2016/5/22,51,良,22,33,9,1,27,101,臭氧8小时,多云,晴,30,23,0,2,26.5,7
2016/5/23,85,良,31,51,11,0.9,39,142,臭氧8小时,多云,多云,31,24,0,2,27.5,7
2016/5/24,97,良,51,77,15,1.1,44,156,臭氧8小时,多云,多云,32,24,0,2,28,8
2016/5/25,109,轻度污染,42,61,12,0.9,30,169,臭氧8小时,多云,多云,33,26,0,2,29.5,7
2016/5/26,87,良,34,57,11,0.8,36,144,臭氧8小时,小到中雨,雷阵雨,33,25,1,4,29,8
2016/5/27,33,优,15,33,7,0.7,22,51,,中到大雨,大雨,30,25,1,4,27.5,5
2016/5/28,40,优,18,32,7,0.8,32,44,,雷阵雨,雷阵雨,31,25,1,3,28,6
2016/5/29,52,良,29,54,11,1,40,69,PM10,小到中雨,多云,32,26,1,4,29,6
2016/5/30,53,良,30,55,12,1,38,79,PM10,小雨,多云,33,26,1,3,29.5,7
2016/5/31,52,良,22,40,10,0.7,23,102,臭氧8小时,小雨,小雨,33,26,1,3,29.5,7
2016/6/1,65,良,22,40,9,0.8,22,117,臭氧8小时,多云,晴,35,27,0,2,31,8
2016/6/2,75,良,22,43,9,0.8,22,130,臭氧8小时,多云,晴,35,27,0,2,31,8
2016/6/3,64,良,22,41,10,0.8,26,116,臭氧8小时,小雨,雷阵雨,35,26,1,3,30.5,9
2016/6/4,62,良,23,44,9,1,49,67,NO2,中雨,大到暴雨,34,23,1,4,28.5,11
2016/6/5,60,良,27,43,8,1.2,48,15,NO2,中到大雨,中到大雨,30,24,1,4,27,6
2016/6/6,120,轻度污染,46,62,10,1.2,48,181,臭氧8小时,小雨,多云,31,24,1,3,27.5,7
2016/6/7,117,轻度污染,35,57,12,1.1,44,178,臭氧8小时,小雨,雷阵雨,32,25,1,3,28.5,7
2016/6/8,49,优,24,40,9,0.9,39,91,,中雨,雷阵雨,32,24,1,4,28,8
2016/6/9,44,优,25,39,10,0.9,35,80,,小到中雨,雷阵雨,31,25,1,4,28,6
2016/6/10,42,优,21,36,9,0.9,31,83,,中雨,中到大雨,31,25,1,4,28,6
2016/6/11,39,优,24,36,9,0.9,31,54,,大到暴雨,大到暴雨,31,25,1,4,28,6
2016/6/12,44,优,23,40,9,1,35,67,,中到大雨,中到大雨,32,26,1,4,29,6
2016/6/13,56,良,37,61,10,1.1,40,103,PM10,中到大雨,中到大雨,31,26,1,4,28.5,5
2016/6/14,45,优,27,45,8,0.9,32,81,,小到中雨,雷阵雨,31,26,1,4,28.5,5
2016/6/15,40,优,19,40,7,0.8,30,64,,中雨,大到暴雨,31,25,1,4,28,6
2016/6/16,53,良,22,38,6,0.8,33,103,臭氧8小时,大雨,雷阵雨,30,25,1,4,27.5,5
2016/6/17,74,良,30,49,12,0.9,40,128,臭氧8小时,小雨,多云,32,26,1,3,29,6
2016/6/18,36,优,17,32,8,0.7,26,72,,多云,晴,34,26,0,2,30,8
2016/6/19,47,优,16,28,8,0.7,23,93,,多云,晴,36,27,0,2,31.5,9
2016/6/20,58,良,18,35,9,0.6,26,109,臭氧8小时,晴,晴,34,27,0,1,30.5,7
2016/6/21,50,优,19,36,10,0.7,26,100,,多云,晴,35,27,0,2,31,8
2016/6/22,52,良,20,38,10,0.7,30,102,臭氧8小时,多云,晴,36,27,0,2,31.5,9
2016/6/23,83,良,19,39,10,0.7,26,139,臭氧8小时,多云,晴,35,27,0,2,31,8
2016/6/24,103,轻度污染,22,39,10,0.7,26,163,臭氧8小时,多云,多云,36,28,0,2,32,8
2016/6/25,80,良,23,42,11,0.7,32,135,臭氧8小时,雷阵雨,多云,35,26,1,3,30.5,9
2016/6/26,51,良,18,36,10,0.7,25,101,臭氧8小时,多云,晴,35,28,0,2,31.5,7
2016/6/27,58,良,25,44,12,0.8,36,109,臭氧8小时,小雨,雷阵雨,35,27,1,3,31,8
2016/6/28,48,优,23,42,9,0.9,38,36,,小到中雨,雷阵雨,33,25,1,4,29,8
2016/6/29,38,优,17,36,9,0.8,30,55,,中雨,中雨,34,26,1,4,30,8
2016/6/30,39,优,15,30,7,0.8,31,46,,小到中雨,雷阵雨,33,26,1,4,29.5,7
2016/7/1,34,优,14,29,7,0.8,27,48,,中雨,雷阵雨,32,26,1,4,29,6
2016/7/2,32,优,17,32,7,0.8,25,61,,中雨,中雨,32,26,1,4,29,6
2016/7/3,28,优,15,28,7,0.8,22,30,,小到中雨,中到大雨,32,26,1,4,29,6
2016/7/4,30,优,13,25,8,0.8,24,38,,中到大雨,中雨,31,26,1,4,28.5,5
2016/7/5,40,优,16,32,11,0.9,32,58,,小到中雨,雷阵雨,33,26,1,4,29.5,7
2016/7/6,49,优,21,40,11,0.9,39,50,,小雨,多云,34,26,1,3,30,8
2016/7/7,108,轻度污染,30,50,10,1,42,168,臭氧8小时,晴,晴,36,26,0,1,31,10
2016/7/8,89,良,44,66,14,1,45,146,臭氧8小时,多云,多云,36,28,0,2,32,8
2016/7/9,111,轻度污染,47,70,16,1,37,172,臭氧8小时,多云,多云,37,28,0,2,32.5,9
2016/7/10,63,良,30,47,9,0.9,30,115,臭氧8小时,小到中雨,中到大雨,36,26,1,4,31,10
2016/7/11,67,良,48,70,15,1.1,52,72,PM2.5,大雨,雷阵雨,31,26,1,4,28.5,5
2016/7/12,50,优,20,33,10,0.8,40,22,,小雨,小雨,33,26,1,3,29.5,7
2016/7/13,54,良,26,43,11,0.9,41,104,臭氧8小时,中雨,雷阵雨,33,26,1,4,29.5,7
2016/7/14,48,优,23,38,12,0.9,38,58,,小到中雨,雷阵雨,32,26,1,4,29,6
2016/7/15,50,优,29,50,13,1,37,75,,雷阵雨,晴,34,26,1,3,30,8
2016/7/16,43,优,25,43,10,0.9,32,79,,多云,晴,35,28,0,2,31.5,7
2016/7/17,57,良,24,44,9,0.8,23,108,臭氧8小时,多云,晴,35,27,0,2,31,8
2016/7/18,45,优,21,36,8,0.8,21,90,,多云,多云,34,27,0,2,30.5,7
2016/7/19,35,优,18,35,10,0.8,23,48,,小雨,多云,34,27,1,3,30.5,7
2016/7/20,35,优,17,33,9,0.8,21,70,,雷阵雨,晴,35,27,1,3,31,8
2016/7/21,52,良,17,34,11,0.8,23,102,臭氧8小时,多云,晴,35,27,0,2,31,8
2016/7/22,95,良,22,40,12,0.8,24,153,臭氧8小时,晴,晴,36,27,0,1,31.5,9
2016/7/23,118,轻度污染,27,47,13,0.8,28,179,臭氧8小时,晴,晴,36,27,0,1,31.5,9
2016/7/24,160,中度污染,32,55,14,0.8,33,225,臭氧8小时,多云,晴,36,27,0,2,31.5,9
2016/7/25,202,重度污染,38,61,17,0.9,38,275,臭氧8小时,多云,多云,37,28,0,2,32.5,9
2016/7/26,86,良,25,41,14,0.8,35,143,臭氧8小时,阵雨,雷阵雨,35,26,1,3,30.5,9
2016/7/27,40,优,16,33,11,0.8,32,74,,小到中雨,小到中雨,34,26,1,4,30,8
2016/7/28,87,良,28,51,15,0.9,34,144,臭氧8小时,多云,多云,35,27,0,2,31,8
2016/7/29,96,良,28,49,16,0.8,36,155,臭氧8小时,多云,晴,36,27,0,2,31.5,9
2016/7/30,113,轻度污染,40,68,20,1,50,174,臭氧8小时,多云,晴,36,28,0,2,32,8
2016/7/31,192,中度污染,54,77,15,1.1,52,257,臭氧8小时,多云,多云,37,27,0,2,32,10
2016/8/1,89,良,44,65,15,1,40,146,臭氧8小时,大到暴雨,大到暴雨,36,25,1,4,30.5,11
2016/8/2,30,优,14,26,7,0.8,14,60,,暴雨,大雨,28,24,1,4,26,4
2016/8/3,39,优,17,29,9,0.8,31,44,,小雨,雷阵雨,31,25,1,3,28,6
2016/8/4,39,优,19,36,13,0.9,31,67,,中雨,多云,32,26,1,4,29,6
2016/8/5,103,轻度污染,32,53,9,1,48,163,臭氧8小时,多云,多云,34,25,0,2,29.5,9
2016/8/6,113,轻度污染,39,62,14,1,43,174,臭氧8小时,多云,晴,35,27,0,2,31,8
2016/8/7,107,轻度污染,48,73,15,1,40,167,臭氧8小时,晴,多云,35,28,0,2,31.5,7
2016/8/8,100,良,50,73,15,1,41,159,臭氧8小时,中雨,雷阵雨,36,27,1,4,31.5,9
2016/8/9,84,良,58,91,17,1.1,67,127,NO2,中雨,中到大雨,35,26,1,4,30.5,9
2016/8/10,72,良,35,52,11,1,57,80,NO2,中到大雨,中雨,32,26,1,4,29,6
2016/8/11,77,良,40,60,15,0.9,45,132,臭氧8小时,雷阵雨,雷阵雨,33,26,1,3,29.5,7
2016/8/12,82,良,59,76,16,1.1,65,54,NO2,大雨,小到中雨,31,26,1,4,28.5,5
2016/8/13,75,良,34,55,13,0.9,39,130,臭氧8小时,中到大雨,中到大雨,32,26,1,4,29,6
2016/8/14,37,优,15,28,11,0.8,29,58,,中到大雨,大雨,33,25,1,4,29,8
2016/8/15,33,优,10,21,9,0.6,26,54,,大雨,雷阵雨,31,25,1,4,28,6
2016/8/16,37,优,12,24,10,0.6,29,41,,中雨,雷阵雨,30,25,1,4,27.5,5
2016/8/17,25,优,9,17,10,0.5,20,43,,大到暴雨,小到中雨,29,26,1,4,27.5,3
2016/8/18,32,优,12,24,10,0.6,24,63,,中到大雨,中到大雨,30,26,1,4,28,4
2016/8/19,48,优,20,41,15,0.6,30,95,,雷阵雨,多云,32,26,1,3,29,6
2016/8/20,90,良,38,68,16,0.8,42,148,臭氧8小时,多云,多云,34,26,0,2,30,8
2016/8/21,90,良,44,71,19,0.9,45,148,臭氧8小时,中雨,中雨,35,26,1,4,30.5,9
2016/8/22,118,轻度污染,43,63,20,0.9,40,179,臭氧8小时,多云,多云,35,27,0,2,31,8
2016/8/23,155,中度污染,46,73,22,0.8,51,220,臭氧8小时,多云,多云,36,27,0,2,31.5,9
2016/8/24,78,良,56,75,23,1,62,127,NO2,多云,多云,36,27,0,2,31.5,9
2016/8/25,197,中度污染,71,97,25,1,55,262,臭氧8小时,多云,雷阵雨,36,26,1,3,31,10
2016/8/26,122,轻度污染,53,76,19,1,45,184,臭氧8小时,小到中雨,雷阵雨,35,25,1,4,30,10
2016/8/27,57,良,28,39,10,1,36,108,臭氧8小时,大雨,多云,32,24,1,4,28,8
2016/8/28,47,优,31,43,11,1,26,93,,多云,多云,32,25,0,2,28.5,7
2016/8/29,119,轻度污染,43,64,14,0.9,32,180,臭氧8小时,多云,多云,32,26,0,2,29,6
2016/8/30,128,轻度污染,52,77,14,1.1,48,190,臭氧8小时,多云,多云,33,25,0,2,29,8
2016/8/31,131,轻度污染,66,87,15,1.1,38,194,臭氧8小时,小雨,多云,33,25,1,3,29,8
2016/9/1,50,优,21,37,11,0.8,30,100,,雷阵雨,大到暴雨,33,24,1,4,28.5,9
2016/9/2,53,良,25,40,12,0.9,42,34,NO2,大雨,中雨,31,26,1,4,28.5,5
2016/9/3,53,良,37,54,12,1.1,40,33,PM2.5,小到中雨,阵雨,31,24,1,4,27.5,7
2016/9/4,59,良,42,63,12,1.1,45,93,PM2.5,小到中雨,阵雨,31,26,1,4,28.5,5
2016/9/5,58,良,27,44,12,0.8,32,109,臭氧8小时,小到中雨,小到中雨,32,26,1,4,29,6
2016/9/6,58,良,30,49,12,0.9,46,74,NO2,中到大雨,雷阵雨,32,26,1,4,29,6
2016/9/7,63,良,29,42,10,1,50,66,NO2,中到大雨,雷阵雨,31,26,1,4,28.5,5
2016/9/8,67,良,38,57,13,1,53,70,NO2,中到大雨,雷阵雨,31,26,1,4,28.5,5
2016/9/9,64,良,30,49,10,1,51,48,NO2,中雨,小到中雨,32,25,1,4,28.5,7
2016/9/10,48,优,22,37,13,0.8,38,22,,中到大雨,小到中雨,31,25,1,4,28,6
2016/9/11,53,良,27,47,14,1,42,29,NO2,小到中雨,阵雨,31,25,1,4,28,6
2016/9/12,60,良,18,31,8,0.8,34,111,臭氧8小时,多云,多云,33,26,0,2,29.5,7
2016/9/13,61,良,26,42,9,0.8,36,113,臭氧8小时,多云,多云,35,26,0,2,30.5,9
2016/9/14,66,良,29,46,12,0.8,35,119,臭氧8小时,多云,多云,35,26,0,2,30.5,9
2016/9/15,61,良,38,56,12,0.9,32,113,臭氧8小时,小雨,多云,32,26,1,3,29,6
2016/9/16,45,优,30,45,10,0.8,24,87,,多云,晴,34,25,0,2,29.5,9
2016/9/17,44,优,24,39,9,0.8,27,88,,多云,晴,34,25,0,2,29.5,9
2016/9/18,49,优,18,33,8,0.6,25,98,,多云,晴,34,25,0,2,29.5,9
2016/9/19,79,良,32,52,10,0.7,33,134,臭氧8小时,多云,多云,32,23,0,2,27.5,9
2016/9/20,65,良,42,68,11,0.8,41,118,臭氧8小时,多云,多云,31,24,0,2,27.5,7
2016/9/21,91,良,43,67,11,0.8,39,149,臭氧8小时,多云,晴,30,25,0,2,27.5,5
2016/9/22,102,轻度污染,48,76,14,0.9,48,162,臭氧8小时,多云,多云,32,24,0,2,28,8
2016/9/23,129,轻度污染,53,89,16,1,54,191,臭氧8小时,多云,多云,33,25,0,2,29,8
2016/9/24,164,中度污染,47,78,16,0.9,53,229,臭氧8小时,多云,多云,33,25,0,2,29,8
2016/9/25,201,重度污染,64,99,18,1,62,266,臭氧8小时,多云,多云,34,26,0,2,30,8
2016/9/26,179,中度污染,78,121,21,1.1,65,244,臭氧8小时,多云,多云,36,26,0,2,31,10
2016/9/27,94,良,70,109,20,1.2,62,151,PM2.5,多云,多云,35,28,0,2,31.5,7
2016/9/28,70,良,51,81,10,0.9,29,104,PM2.5,小雨,中到大雨,33,22,1,4,27.5,11
2016/9/29,38,优,15,28,8,0.9,30,48,,小雨,阵雨,29,19,1,3,24,10
2016/9/30,48,优,15,26,7,1,38,18,,阵雨,阵雨,26,20,1,3,23,6
2016/10/1,52,良,28,51,11,1.1,41,46,NO2,阵雨,多云,28,22,1,3,25,6
2016/10/2,40,优,22,39,10,0.9,32,69,,小雨,小雨,30,23,1,3,26.5,7
2016/10/3,38,优,20,37,11,0.8,30,70,,多云,多云,32,25,0,2,28.5,7
2016/10/4,50,优,28,48,12,0.9,36,100,,多云,多云,32,25,0,2,28.5,7
2016/10/5,61,良,35,54,14,0.9,36,113,臭氧8小时,阴,晴,32,25,0,2,28.5,7
2016/10/6,54,良,38,55,12,0.9,28,103,PM2.5,多云,多云,32,25,0,2,28.5,7
2016/10/7,48,优,33,48,11,0.9,27,89,,多云,雷阵雨,31,25,1,3,28,6
2016/10/8,35,优,21,33,12,0.8,21,69,,多云,多云,32,24,0,2,28,8
2016/10/9,44,优,30,44,10,0.9,21,80,,阴,多云,30,22,0,2,26,8
2016/10/10,62,良,30,48,8,0.7,23,114,臭氧8小时,阴,多云,29,22,0,2,25.5,7
2016/10/11,52,良,32,54,10,0.7,29,96,PM10,小雨,阵雨,28,21,1,3,24.5,7
2016/10/12,46,优,32,45,7,0.7,30,64,,小到中雨,多云,26,21,1,4,23.5,5
2016/10/13,39,优,23,38,8,0.8,31,75,,多云,多云,30,22,0,2,26,8
2016/10/14,42,优,23,39,8,0.8,30,83,,多云,多云,30,23,0,2,26.5,7
2016/10/15,52,良,34,53,9,0.8,34,96,PM10,多云,多云,31,24,0,2,27.5,7
2016/10/16,50,优,33,50,10,0.8,28,92,,多云,多云,32,25,0,2,28.5,7
2016/10/17,59,良,42,64,10,0.9,30,73,PM2.5,多云,大雨,31,23,1,4,27,8
2016/10/18,33,优,23,31,6,0.9,26,24,,中到大雨,中到大雨,26,23,1,4,24.5,3
2016/10/19,42,优,11,20,6,0.9,33,16,,小到中雨,多云,27,22,1,4,24.5,5
2016/10/20,48,优,23,40,8,1,38,83,,多云,阵雨,31,24,1,3,27.5,7
2016/10/21,42,优,20,41,11,0.9,33,32,,大到暴雨,大到暴雨,28,23,1,4,25.5,5
2016/10/22,65,良,42,69,14,1.2,52,100,NO2,多云,多云,29,24,0,2,26.5,5
2016/10/23,70,良,44,66,12,1.1,56,86,NO2,多云,多云,30,24,0,2,27,6
2016/10/24,50,优,31,48,12,1,40,55,,阵雨,多云,30,24,1,3,27,6
2016/10/25,48,优,25,42,12,0.8,38,58,,阵雨,阵雨,31,24,1,3,27.5,7
2016/10/26,69,良,39,63,14,0.8,52,122,臭氧8小时,多云,多云,32,24,0,2,28,8
2016/10/27,72,良,37,64,17,0.9,57,99,NO2,多云,晴,33,24,0,2,28.5,9
2016/10/28,85,良,48,81,14,1.1,68,127,NO2,多云,多云,32,21,0,2,26.5,11
2016/10/29,53,良,36,56,11,1,37,54,PM10,多云,多云,29,21,0,2,25,8
2016/10/30,37,优,24,37,8,0.9,28,63,,多云,多云,29,20,0,2,24.5,9
2016/10/31,51,良,25,45,9,0.8,34,101,臭氧8小时,多云,晴,30,20,0,2,25,10
2016/11/1,38,优,16,28,8,0.8,25,76,,多云,多云,26,18,0,2,22,8
2016/11/2,33,优,16,28,8,0.8,26,66,,多云,晴,26,17,0,2,21.5,9
2016/11/3,43,优,21,37,9,0.7,34,79,,多云,晴,25,16,0,2,20.5,9
2016/11/4,90,良,41,73,12,0.9,72,116,NO2,多云,多云,27,18,0,2,22.5,9
2016/11/5,166,中度污染,84,136,22,1.2,114,231,臭氧8小时,多云,多云,28,20,0,2,24,8
2016/11/6,100,良,70,113,20,1,80,160,"NO2,臭氧8小时",多云,多云,29,20,0,2,24.5,9
2016/11/7,101,轻度污染,54,95,17,0.9,81,148,NO2,多云,多云,29,19,0,2,24,10
2016/11/8,72,良,40,72,14,1.1,57,48,NO2,多云,阴,24,16,0,2,20,8
2016/11/9,43,优,17,29,10,1,34,38,,阴,小雨,19,12,1,3,15.5,7
2016/11/10,47,优,11,18,8,0.8,37,22,,小雨,阴,16,13,1,3,14.5,3
2016/11/11,53,良,24,43,9,0.8,42,22,NO2,阴,多云,16,12,0,2,14,4
2016/11/12,107,轻度污染,62,111,19,1.4,94,41,NO2,阴,多云,22,16,0,2,19,6
2016/11/13,107,轻度污染,75,137,20,1.7,94,65,NO2,多云,多云,28,21,0,2,24.5,7
2016/11/14,105,轻度污染,52,90,17,1.4,89,86,NO2,多云,多云,29,20,0,2,24.5,9
2016/11/15,114,轻度污染,80,130,19,1.6,108,135,NO2,多云,多云,29,20,0,2,24.5,9
2016/11/16,95,良,57,87,19,1,68,153,臭氧8小时,多云,多云,30,21,0,2,25.5,9
2016/11/17,105,轻度污染,70,112,17,1.2,90,145,NO2,多云,多云,30,21,0,2,25.5,9
2016/11/18,113,轻度污染,85,132,26,1.3,98,102,PM2.5,多云,阵雨,28,22,1,3,25,6
2016/11/19,103,轻度污染,68,110,21,1.2,85,84,NO2,阵雨,中到大雨,27,22,1,4,24.5,5
2016/11/20,80,良,43,76,19,1,64,96,NO2,小到中雨,小雨,26,22,1,4,24,4
2016/11/21,68,良,26,53,12,0.9,54,31,NO2,阵雨,多云,27,22,1,3,24.5,5
2016/11/22,50,优,25,37,9,0.8,40,14,,中到大雨,中到大雨,26,18,1,4,22,8
2016/11/23,38,优,10,17,8,0.9,30,18,,小雨,小雨,18,10,1,3,14,8
2016/11/24,39,优,11,21,9,0.8,31,31,,阴,小雨,14,10,1,3,12,4
2016/11/25,45,优,15,28,9,0.9,36,19,,小雨,小雨,15,12,1,3,13.5,3
2016/11/26,45,优,10,17,8,0.9,36,8,,中到大雨,小雨,12,10,1,4,11,2
2016/11/27,58,良,18,36,11,0.8,46,76,NO2,多云,晴,17,10,0,2,13.5,7
2016/11/28,64,良,30,50,12,0.8,51,83,NO2,晴,多云,20,11,0,2,15.5,9
2016/11/29,82,良,41,71,15,0.9,65,53,NO2,阴,阴,20,11,0,2,15.5,9
2016/11/30,80,良,54,91,20,1,64,91,NO2,多云,多云,19,11,0,2,15,8
2016/12/1,87,良,64,97,16,1,60,95,PM2.5,多云,多云,22,13,0,2,17.5,9
2016/12/2,80,良,59,87,13,1,59,77,PM2.5,多云,多云,22,15,0,2,18.5,7
2016/12/3,85,良,55,85,12,1.1,68,50,NO2,多云,多云,23,15,0,2,19,8
2016/12/4,102,轻度污染,66,112,19,1.4,83,69,NO2,多云,多云,25,16,0,2,20.5,9
2016/12/5,97,良,72,114,19,1.4,72,89,PM2.5,多云,多云,26,15,0,2,20.5,11
2016/12/6,69,良,50,82,16,0.8,44,88,PM2.5,多云,多云,20,11,0,2,15.5,9
2016/12/7,92,良,63,102,18,0.9,73,120,NO2,晴,多云,22,12,0,2,17,10
2016/12/8,98,良,53,88,16,0.9,78,96,NO2,多云,晴,23,12,0,2,17.5,11
2016/12/9,110,轻度污染,58,101,16,1.2,100,86,NO2,晴,晴,24,12,0,1,18,12
2016/12/10,112,轻度污染,68,118,16,1.4,104,82,NO2,多云,多云,24,13,0,2,18.5,11
2016/12/11,102,轻度污染,68,109,17,1.1,84,144,NO2,多云,多云,25,15,0,2,20,10
2016/12/12,94,良,45,86,14,0.9,75,136,NO2,多云,多云,25,17,0,2,21,8
2016/12/13,100,良,59,100,15,1.2,80,64,NO2,多云,多云,25,15,0,2,20,10
2016/12/14,46,优,30,46,10,1.1,36,74,,多云,晴,21,11,0,2,16,10
2016/12/15,44,优,25,39,10,1,35,81,,晴,晴,19,9,0,1,14,10
2016/12/16,55,良,33,51,13,0.8,44,92,NO2,晴,晴,19,8,0,1,13.5,11
2016/12/17,94,良,41,67,15,0.8,75,80,NO2,多云,多云,20,9,0,2,14.5,11
2016/12/18,108,轻度污染,56,95,16,1.1,96,86,NO2,多云,多云,22,15,0,2,18.5,7
2016/12/19,113,轻度污染,57,100,16,1.2,106,127,NO2,多云,多云,24,17,0,2,20.5,7
2016/12/20,128,轻度污染,83,139,19,1.5,136,130,NO2,多云,小雨,26,18,1,3,22,8
2016/12/21,119,轻度污染,83,136,15,1.5,118,52,NO2,小雨,多云,26,16,1,3,21,10
2016/12/22,57,良,26,44,10,1.3,45,88,NO2,晴,晴,22,12,0,1,17,10
2016/12/23,65,良,36,56,10,1.3,52,61,NO2,多云,多云,22,15,0,2,18.5,7
2016/12/24,87,良,49,69,11,1.3,69,24,NO2,小雨,阴,20,17,1,3,18.5,3
2016/12/25,83,良,45,72,11,1.2,66,17,NO2,阴,多云,22,16,0,2,19,6
2016/12/26,72,良,43,76,11,1.3,57,63,NO2,多云,多云,24,11,0,2,17.5,13
2016/12/27,37,优,18,33,11,0.9,29,58,,晴,晴,16,7,0,1,11.5,9
2016/12/28,59,良,37,54,15,0.8,47,92,NO2,晴,晴,16,8,0,1,12,8
2016/12/29,64,良,34,53,14,0.7,51,91,NO2,多云,晴,16,7,0,2,11.5,9
2016/12/30,88,良,42,71,16,0.9,70,90,NO2,多云,晴,19,10,0,2,14.5,9
2016/12/31,107,轻度污染,60,98,17,1.2,94,104,NO2,多云,多云,21,11,0,2,16,10
2017/1/1,111,轻度污染,80,122,16,1.5,102,118,NO2,多云,多云,23,13,0,2,18,10
2017/1/2,123,轻度污染,91,146,16,1.7,125,106,NO2,多云,多云,25,15,0,2,20,10
2017/1/3,125,轻度污染,95,150,19,1.6,118,141,PM2.5,晴,多云,26,16,0,2,21,10
2017/1/4,115,轻度污染,87,126,16,1.2,102,92,PM2.5,晴,多云,27,17,0,2,22,10
2017/1/5,205,重度污染,155,214,19,1.9,168,79,PM2.5,多云,多云,25,17,0,2,21,8
2017/1/6,124,轻度污染,94,142,14,1.6,114,85,PM2.5,多云,阴,26,17,0,2,21.5,9
2017/1/7,109,轻度污染,65,101,16,1.2,97,87,NO2,小雨,小雨,25,18,1,3,21.5,7
2017/1/8,90,良,63,98,13,1.6,72,94,NO2,多云,多云,23,14,0,2,18.5,9
2017/1/9,83,良,38,60,12,1.6,66,100,NO2,多云,多云,24,15,0,2,19.5,9
2017/1/10,103,轻度污染,64,95,16,1.3,85,124,NO2,多云,多云,24,15,0,2,19.5,9
2017/1/11,88,良,65,91,15,1.4,69,41,PM2.5,多云,多云,24,16,0,2,20,8
2017/1/12,50,优,32,48,8,1.3,40,23,,小雨,小雨,20,13,1,3,16.5,7
2017/1/13,52,良,9,15,6,1.2,41,28,NO2,小雨,小雨,16,12,1,3,14,4
2017/1/14,53,良,20,30,6,1,42,32,NO2,小雨,小雨,13,11,1,3,12,2
2017/1/15,53,良,23,30,7,1.1,42,25,NO2,小雨,小雨,14,10,1,3,12,4
2017/1/16,59,良,30,35,6,1.2,47,25,NO2,小雨,阴,14,11,1,3,12.5,3
2017/1/17,58,良,28,38,7,1.2,46,18,NO2,小雨,小雨,15,12,1,3,13.5,3
2017/1/18,68,良,38,60,12,1.3,54,16,NO2,小雨,小雨,16,12,1,3,14,4
2017/1/19,52,良,32,50,10,1.2,41,15,NO2,阴,小雨,19,14,1,3,16.5,5
2017/1/20,40,优,22,30,7,0.9,32,71,,小雨,阴,22,12,1,3,17,10
2017/1/21,75,良,55,74,11,0.9,39,109,PM2.5,阴,晴,18,9,0,2,13.5,9
2017/1/22,62,良,44,64,11,0.8,49,110,"NO2,PM2.5",晴,晴,19,8,0,1,13.5,11
2017/1/23,82,良,47,68,11,1,65,108,NO2,晴,晴,20,9,0,1,14.5,11
2017/1/24,85,良,54,74,11,1,68,98,NO2,晴,阴,21,12,0,3,16.5,9
2017/1/25,77,良,56,75,12,1,57,124,PM2.5,阴,阴,19,13,0,2,16,6
2017/1/26,75,良,55,74,10,1,46,123,PM2.5,多云,多云,22,10,0,2,16,12
2017/1/27,69,良,50,66,9,0.9,47,114,PM2.5,晴,晴,24,12,0,1,18,12
2017/1/28,117,轻度污染,88,117,21,0.8,43,124,PM2.5,多云,多云,24,12,0,2,18,12
2017/1/29,53,良,37,44,7,0.8,41,38,PM2.5,多云,小雨,24,16,1,3,20,8
2017/1/30,43,优,30,37,7,1,28,68,,小雨,小雨,21,15,1,3,18,6
2017/1/31,48,优,33,40,6,1.1,22,49,,阴,多云,17,12,0,2,14.5,5
2017/2/1,32,优,22,28,7,1,25,63,,多云,多云,22,12,0,2,17,10
2017/2/2,43,优,30,37,7,0.9,28,70,,多云,多云,21,13,0,2,17,8
2017/2/3,59,良,42,54,8,0.9,40,63,PM2.5,小雨,小雨,20,15,1,3,17.5,5
2017/2/4,75,良,55,67,9,1,58,58,PM2.5,小雨,小雨,21,16,1,3,18.5,5
2017/2/5,55,良,39,47,8,1,41,72,PM2.5,晴,晴,24,16,0,1,20,8
2017/2/6,58,良,37,50,10,0.9,46,104,NO2,多云,多云,23,15,0,2,19,8
2017/2/7,68,良,49,78,12,0.9,54,107,"NO2,PM2.5",多云,小雨,20,15,1,3,17.5,5
2017/2/8,60,良,30,50,8,0.9,48,44,NO2,小雨,多云,19,10,1,3,14.5,9
2017/2/9,42,优,27,36,9,0.8,23,84,,多云,多云,15,8,0,2,11.5,7
2017/2/10,78,良,57,68,17,0.9,27,100,PM2.5,晴,晴,16,8,0,1,12,8
2017/2/11,65,良,47,60,14,0.7,39,110,PM2.5,晴,晴,16,6,0,1,11,10
2017/2/12,80,良,54,73,17,0.9,64,116,NO2,晴,晴,19,7,0,1,13,12
2017/2/13,106,轻度污染,63,91,16,1.1,92,114,NO2,晴,晴,21,9,0,1,15,12
2017/2/14,108,轻度污染,64,97,16,1,95,166,NO2,晴,多云,23,12,0,2,17.5,11
2017/2/15,109,轻度污染,52,88,19,0.9,97,153,NO2,晴,晴,25,12,0,1,18.5,13
2017/2/16,105,轻度污染,44,75,18,0.9,89,132,NO2,晴,晴,25,13,0,1,19,12
2017/2/17,116,轻度污染,53,93,18,1.1,112,101,NO2,晴,晴,26,14,0,1,20,12
2017/2/18,118,轻度污染,72,118,19,1.2,116,176,NO2,晴,多云,27,16,0,2,21.5,11
2017/2/19,80,良,59,81,11,0.8,52,127,PM2.5,多云,小雨,26,17,1,3,21.5,9
2017/2/20,90,良,55,77,14,0.9,72,108,NO2,小雨,小雨,25,18,1,3,21.5,7
2017/2/21,77,良,32,55,12,0.8,61,64,NO2,小雨,小雨,25,18,1,3,21.5,7
2017/2/22,84,良,38,60,14,0.8,67,31,NO2,阵雨,小到中雨,25,11,1,4,18,14
2017/2/23,43,优,17,33,9,0.8,34,21,,小雨,小雨,14,9,1,3,11.5,5
2017/2/24,42,优,21,30,8,0.7,33,54,,小雨,小雨,11,8,1,3,9.5,3
2017/2/25,47,优,15,21,7,0.7,37,47,,小雨,小雨,11,8,1,3,9.5,3
2017/2/26,59,良,32,51,11,0.8,47,77,NO2,小雨,阴,15,11,1,3,13,4
2017/2/27,87,良,47,70,17,0.9,69,83,NO2,多云,多云,20,14,0,2,17,6
2017/2/28,105,轻度污染,71,104,22,1,90,75,NO2,阴,阴,21,16,0,2,18.5,5
2017/3/1,84,良,51,77,17,0.9,67,77,NO2,多云,晴,21,13,0,2,17,8
2017/3/2,83,良,38,79,14,0.7,66,111,NO2,晴,晴,22,10,0,1,16,12
2017/3/3,105,轻度污染,60,114,22,0.9,89,160,NO2,晴,多云,23,13,0,2,18,10
2017/3/4,106,轻度污染,63,105,22,0.8,92,89,NO2,多云,多云,24,17,0,2,20.5,7
2017/3/5,89,良,54,85,15,0.8,71,87,NO2,小雨,小雨,25,16,1,3,20.5,9
2017/3/6,54,良,28,45,10,0.9,43,55,NO2,小雨,小雨,21,15,1,3,18,6
2017/3/7,55,良,29,38,7,0.8,44,43,NO2,小雨,小雨,19,13,1,3,16,6
2017/3/8,59,良,34,46,8,0.8,47,71,NO2,小雨,小雨,16,13,1,3,14.5,3
2017/3/9,77,良,47,60,9,0.9,61,28,NO2,小雨,小雨,18,15,1,3,16.5,3
2017/3/10,84,良,48,64,9,1.3,67,8,NO2,小雨,小雨,19,17,1,3,18,2
2017/3/11,73,良,37,40,8,1.2,58,8,NO2,小雨,小雨,19,17,1,3,18,2
2017/3/12,100,良,62,83,12,1.1,80,28,NO2,小雨,阴,22,18,1,3,20,4
2017/3/13,102,轻度污染,62,87,16,1,83,20,NO2,小雨,小雨,26,14,1,3,20,12
2017/3/14,57,良,22,33,9,0.8,45,34,NO2,小雨,小雨,18,13,1,3,15.5,5
2017/3/15,69,良,35,61,11,0.9,55,31,NO2,阴,阴,18,15,0,2,16.5,3
2017/3/16,78,良,51,87,13,1,62,12,NO2,小雨,阴,20,16,1,3,18,4
2017/3/17,82,良,50,84,12,1.1,65,24,NO2,阴,阴,20,16,0,2,18,4
2017/3/18,88,良,60,86,12,1.1,70,18,NO2,小雨,中雨,20,17,1,4,18.5,3
2017/3/19,85,良,36,50,9,1.2,68,10,NO2,大雨,小雨,21,18,1,4,19.5,3
2017/3/20,101,轻度污染,46,79,10,1.2,81,44,NO2,小雨,小雨,24,18,1,3,21,6
2017/3/21,78,良,42,86,12,1.3,62,23,NO2,阴,阴,25,18,0,2,21.5,7
2017/3/22,95,良,35,53,10,1,76,33,NO2,中雨,雷阵雨,23,19,1,4,21,4
2017/3/23,92,良,42,68,11,1.1,73,68,NO2,阴,多云,24,19,0,2,21.5,5
2017/3/24,85,良,33,66,14,0.9,68,96,NO2,阴,小雨,26,18,1,3,22,8
2017/3/25,49,优,14,26,8,0.9,39,38,,小雨,小雨,17,11,1,3,14,6
2017/3/26,58,良,19,54,8,0.7,46,77,NO2,阵雨,多云,15,9,1,3,12,6
2017/3/27,93,良,36,81,14,0.8,73,151,臭氧8小时,晴,多云,24,14,0,2,19,10
2017/3/28,102,轻度污染,46,101,17,0.9,84,130,NO2,多云,雷阵雨,26,18,1,3,22,8
2017/3/29,88,良,46,89,13,0.8,70,90,NO2,雷阵雨,小雨,24,20,1,3,22,4
2017/3/30,84,良,41,82,13,0.8,67,52,NO2,阵雨,大雨,26,20,1,4,23,6
2017/3/31,63,良,18,35,8,0.9,50,46,NO2,大雨,阵雨,20,13,1,4,16.5,7
2017/4/1,72,良,21,44,10,0.7,47,126,臭氧8小时,晴,晴,23,12,0,1,17.5,11
2017/4/2,95,良,35,57,14,0.7,67,153,臭氧8小时,晴,晴,25,14,0,1,19.5,11
2017/4/3,117,轻度污染,48,78,15,0.7,60,178,臭氧8小时,晴,多云,26,16,0,2,21,10
2017/4/4,89,良,34,62,12,0.6,47,146,臭氧8小时,多云,多云,27,18,0,2,22.5,9
2017/4/5,65,良,32,60,12,0.7,52,112,NO2,多云,阴,27,20,0,2,23.5,7
2017/4/6,93,良,42,68,12,0.9,74,31,NO2,阵雨,多云,26,21,1,3,23.5,5
2017/4/7,83,良,41,70,16,0.8,66,59,NO2,多云,多云,27,21,0,2,24,6
2017/4/8,65,良,29,53,14,0.8,52,26,NO2,阵雨,多云,28,23,1,3,25.5,5
2017/4/9,54,良,23,42,12,0.7,43,44,NO2,阴,阴,30,24,0,2,27,6
2017/4/10,55,良,22,51,11,0.8,44,23,NO2,多云,雷阵雨,29,19,1,3,24,10
2017/4/11,55,良,28,58,10,1,44,8,NO2,雷阵雨,雷阵雨,24,17,1,3,20.5,7
2017/4/12,45,优,15,27,7,0.8,36,30,,小到中雨,小雨,20,17,1,4,18.5,3
2017/4/13,60,良,25,44,9,0.8,48,55,NO2,阴,阴,22,17,0,2,19.5,5
2017/4/14,100,良,52,87,18,1.1,80,72,NO2,阴,多云,24,20,0,2,22,4
2017/4/15,102,轻度污染,39,77,17,0.9,83,68,NO2,阴,多云,26,22,0,2,24,4
2017/4/16,78,良,37,62,14,0.8,62,94,NO2,多云,多云,29,22,0,2,25.5,7
2017/4/17,88,良,35,63,13,0.8,52,145,臭氧8小时,多云,阴,30,23,0,2,26.5,7
2017/4/18,85,良,40,70,16,0.9,66,142,臭氧8小时,阴,阵雨,32,23,1,3,27.5,9
2017/4/19,80,良,40,69,13,0.9,64,76,NO2,阵雨,阵雨,30,23,1,3,26.5,7
2017/4/20,67,良,26,46,9,0.8,53,39,NO2,中雨,雷阵雨,29,20,1,4,24.5,9
2017/4/21,60,良,23,42,9,0.8,48,48,NO2,小到中雨,中雨,25,17,1,4,21,8
2017/4/22,51,良,20,52,8,0.6,37,84,PM10,阴,阴,22,16,0,2,19,6
2017/4/23,79,良,37,64,10,0.8,63,74,NO2,小雨,小雨,23,18,1,3,20.5,5
2017/4/24,97,良,50,89,15,1,77,65,NO2,阵雨,中雨,24,20,1,4,22,4
2017/4/25,98,良,51,86,12,1,78,41,NO2,大到暴雨,大雨,25,22,1,4,23.5,3
2017/4/26,84,良,32,59,11,1,67,40,NO2,中雨,中雨,24,20,1,4,22,4
2017/4/27,47,优,11,19,7,0.7,37,69,,阴,多云,23,17,0,2,20,6
2017/4/28,106,轻度污染,30,58,11,0.7,60,166,臭氧8小时,晴,晴,25,16,0,1,20.5,9
2017/4/29,173,中度污染,67,111,18,1,86,238,臭氧8小时,多云,多云,28,18,0,2,23,10
2017/4/30,139,轻度污染,44,76,15,0.8,45,202,臭氧8小时,多云,多云,29,21,0,2,25,8
2017/5/1,80,良,32,56,12,0.7,38,135,臭氧8小时,多云,多云,30,23,0,2,26.5,7
2017/5/2,54,良,26,51,11,0.7,43,73,NO2,小雨,小雨,30,24,1,3,27,6
2017/5/3,44,优,20,40,10,0.7,35,50,,多云,阵雨,30,24,1,3,27,6
2017/5/4,79,良,25,49,9,0.8,63,62,NO2,大雨,阵雨,27,21,1,4,24,6
2017/5/5,99,良,28,56,12,0.9,68,158,臭氧8小时,多云,多云,29,23,0,2,26,6
2017/5/6,113,轻度污染,53,82,12,1,64,174,臭氧8小时,多云,多云,31,23,0,2,27,8
2017/5/7,59,良,35,52,10,0.8,47,94,NO2,小到中雨,小到中雨,30,23,1,4,26.5,7
2017/5/8,55,良,26,48,10,0.7,44,87,NO2,大雨,中雨,29,22,1,4,25.5,7
2017/5/9,80,良,29,55,10,0.9,64,121,NO2,阴,多云,29,23,0,2,26,6
2017/5/10,201,重度污染,82,126,25,1.3,82,266,臭氧8小时,小雨,小雨,30,24,1,3,27,6
2017/5/11,147,轻度污染,51,83,17,0.9,51,211,臭氧8小时,小雨,小雨,31,23,1,3,27,8
2017/5/12,68,良,24,47,13,0.7,54,85,NO2,小到中雨,中雨,30,24,1,4,27,6
2017/5/13,84,良,36,64,20,0.9,67,61,NO2,中雨-大雨,雷阵雨,30,24,1,4,27,6
2017/5/14,148,轻度污染,43,71,16,0.9,54,212,臭氧8小时,雷阵雨,阵雨,29,24,1,3,26.5,5
2017/5/15,47,优,18,29,8,0.7,37,42,,大雨-暴雨,大雨,28,23,1,4,25.5,5
2017/5/16,52,良,13,28,7,0.8,36,102,臭氧8小时,多云,多云,29,21,0,2,25,8
2017/5/17,100,良,44,74,11,1,63,159,臭氧8小时,多云,多云,30,22,0,2,26,8
2017/5/18,130,轻度污染,48,81,15,0.9,60,192,臭氧8小时,阵雨,阵雨,30,24,1,3,27,6
2017/5/19,77,良,32,52,11,0.8,61,98,NO2,阵雨,雷阵雨,29,23,1,3,26,6
2017/5/20,75,良,34,52,9,0.8,60,63,NO2,中雨,小到中雨,28,23,1,4,25.5,5
2017/5/21,64,良,29,47,10,0.9,51,112,NO2,阵雨,阵雨,27,23,1,3,25,4
2017/5/22,75,良,29,48,10,0.9,60,62,NO2,中到大雨,阵雨,28,24,1,4,26,4
2017/5/23,70,良,30,52,10,0.8,51,124,臭氧8小时,中雨,小到中雨,30,24,1,4,27,6
2017/5/24,54,良,15,29,8,0.9,43,32,NO2,大到暴雨,阵雨,26,22,1,4,24,4
2017/5/25,57,良,21,36,11,0.9,40,108,臭氧8小时,多云,多云,29,22,0,2,25.5,7
2017/5/26,62,良,39,62,13,0.8,49,103,NO2,多云,多云,30,23,0,2,26.5,7
2017/5/27,90,良,40,61,12,0.8,50,148,臭氧8小时,多云,晴,31,22,0,2,26.5,9
2017/5/28,156,中度污染,42,76,17,0.9,62,221,臭氧8小时,多云,多云,32,22,0,2,27,10
2017/5/29,159,中度污染,47,81,18,0.8,41,224,臭氧8小时,多云,多云,33,24,0,2,28.5,9
2017/5/30,90,良,28,49,12,0.8,42,148,臭氧8小时,多云,多云,33,24,0,2,28.5,9
2017/5/31,87,良,26,48,11,0.8,35,144,臭氧8小时,多云,雷阵雨,32,25,1,3,28.5,7
2017/6/1,52,良,21,39,9,0.7,30,102,臭氧8小时,雷阵雨,大雨,33,26,1,4,29.5,7
2017/6/2,54,良,23,46,8,0.8,43,91,NO2,中雨,中雨,33,25,1,4,29,8
2017/6/3,85,良,23,48,8,0.8,42,141,臭氧8小时,中雨,中雨,33,26,1,4,29.5,7
2017/6/4,49,优,21,45,8,0.8,39,93,,阵雨,雷阵雨,33,26,1,3,29.5,7
2017/6/5,39,优,16,36,8,0.6,31,77,,雷阵雨,雷阵雨,34,27,1,3,30.5,7
2017/6/6,48,优,15,30,8,0.6,28,96,,雷阵雨,多云,34,27,1,3,30.5,7
2017/6/7,52,良,14,28,8,0.7,40,102,臭氧8小时,多云,多云,35,27,0,2,31,8
2017/6/8,50,优,18,34,11,0.7,40,74,,多云,多云,35,27,0,2,31,8
2017/6/9,59,良,20,39,12,0.7,47,48,NO2,雷阵雨,多云,35,27,1,3,31,8
2017/6/10,45,优,16,34,13,0.6,36,75,,雷阵雨,晴,34,27,1,3,30.5,7
2017/6/11,110,轻度污染,20,37,11,0.7,32,171,臭氧8小时,晴,多云,35,28,0,2,31.5,7
2017/6/12,40,优,15,29,11,0.6,32,56,,雷阵雨,大到暴雨,35,26,1,4,30.5,9
2017/6/13,52,良,18,38,14,0.7,41,89,NO2,中雨,中雨,32,26,1,4,29,6
2017/6/14,69,良,24,43,11,0.9,55,42,NO2,大到暴雨,大雨,31,26,1,4,28.5,5
2017/6/15,50,优,23,50,12,0.8,38,93,,中雨,雷阵雨,32,25,1,4,28.5,7
2017/6/16,57,良,16,28,8,0.8,45,58,NO2,大到暴雨,大到暴雨,31,24,1,4,27.5,7
2017/6/17,73,良,19,31,8,0.9,58,50,NO2,中雨,雷阵雨,30,25,1,4,27.5,5
2017/6/18,54,良,23,36,8,0.9,43,21,NO2,中雨,中到大雨,30,25,1,4,27.5,5
2017/6/19,68,良,28,44,10,1,54,45,NO2,中雨,中到大雨,32,25,1,4,28.5,7
2017/6/20,62,良,23,38,11,0.9,49,72,NO2,中到大雨,中雨,31,25,1,4,28,6
2017/6/21,59,良,20,37,11,0.9,47,69,NO2,大雨,大雨,31,25,1,4,28,6
2017/6/22,57,良,20,41,10,0.8,45,48,NO2,中雨,多云,32,26,1,4,29,6
2017/6/23,44,优,14,29,9,0.7,35,73,,雷阵雨,多云,34,27,1,3,30.5,7
2017/6/24,43,优,16,31,10,0.7,34,86,,雷阵雨,多云,33,26,1,3,29.5,7
2017/6/25,44,优,14,32,10,0.6,31,88,,雷阵雨,雷阵雨,34,27,1,3,30.5,7
2017/6/26,47,优,13,31,10,0.6,28,93,,雷阵雨,多云,34,27,1,3,30.5,7
2017/6/27,46,优,14,33,10,0.6,28,92,,多云,多云,34,27,0,2,30.5,7
2017/6/28,50,优,14,32,11,0.6,30,100,,雷阵雨,多云,35,28,1,3,31.5,7
2017/6/29,52,良,17,33,12,0.6,33,102,臭氧8小时,雷阵雨,多云,35,27,1,3,31,8
2017/6/30,60,良,17,32,12,0.7,33,112,臭氧8小时,雷阵雨,多云,35,27,1,3,31,8
